Year,Make,Model,Trim,Body,Cab Type,Truck Bed Size,Exterior Condition,Interior Condition,Drive Type,Dealer License,Stock Number,Transmission,Liters,Cylinders,Fuel Type,Number of Doors,Number of Seat Belts,Mileage,VIN,Title Type,Exterior Color,Interior Color,Price,Views
2004,Toyota,Tacoma,V6,Truck,Extended Cab,Standard Shortbed,Fair,Fair,4-Wheel Drive,Not Specified,Not Specified,Automatic,3.4L,6,Gasoline,2,5,259464,5TEWN72N24Z453197,Clean Title,Black,Gray,6000,421
2016,Toyota,Prius,Not Specified,Coupe,Not Specified,Not Specified,Very Good,Very Good,Not Specified,Not Specified,Not Specified,CVT,Not Specified,4,Gasoline,4,Not Specified,200420,JTDKBRFU3G3014324,Clean Title,White,Gray,9260,108
1989,Toyota,Pickup,Base,Truck,Regular Cab,Not Specified,Good,Good,4-Wheel Drive,Not Specified,Not Specified,Manual,2.4L,4,Gasoline,2,3,205074,JT4RN01P2K4010738,Clean Title,Black,Gray,7000,750
2013,Toyota,RAV4 EV,Not Specified,SUV,Not Specified,Not Specified,Very Good,Very Good,Not Specified,Not Specified,Not Specified,Not Specified,Not Specified,Not Specified,Not Specified,Not Specified,Not Specified,57026,2T3YL4DV9DW002127,Clean Title,Blue,Gray,12900,236
2007,Toyota,4Runner,Limited,Sport Utility,Not Specified,Not Specified,Very Good,Very Good,4-Wheel Drive,Not Specified,Not Specified,Automatic,4.0L,6,Gasoline,4,5,205000,JTEBU17R278100678,Clean Title,Black,Gray,12000,0
2021,Toyota,Corolla Hybrid,Not Specified,Compact,Not Specified,Not Specified,Good,Good,Not Specified,Not Specified,Not Specified,Not Specified,Not Specified,Not Specified,Gasoline,4,Not Specified,112623,JTDEAMDE5MJ005114,Clean Title,Red,Black,18000,42
2005,Toyota,Corolla,CE,Sedan,Not Specified,Not Specified,Good,Good,FWD,Not Specified,Not Specified,Automatic,Not Specified,4,Gasoline,4,Not Specified,230096,1NXBR32E85Z485380,Clean Title,Silver,Gray,3000,568
1995,Toyota,4Runner,SR5,SUV,Not Specified,Not Specified,Fair,Fair,4-Wheel Drive,Not Specified,Not Specified,Automatic,4.0L,6,Gasoline,4,Not Specified,274000,JT3VN39W3S0214682,Clean Title,Green,Gray,950,1502
1992,Toyota,Land Cruiser,Not Specified,SUV,Not Specified,Not Specified,Good,Good,Not Specified,Not Specified,Not Specified,Not Specified,Not Specified,6,Not Specified,4,Not Specified,264000,JT3FJ80W4N0049515,Clean Title,White,Gray,11500,965
2002,Toyota,Tundra,SR5,Truck,Not Specified,Not Specified,Good,Very Good,RWD,Not Specified,Not Specified,Automatic,3.4L,6,Gasoline,4,Not Specified,184323,5TBRN34172S312712,Clean Title,Red,Tan,9000,432
2007,Toyota,Prius,Base,Hatchback,Not Specified,Not Specified,Fair,Fair,FWD,Not Specified,Not Specified,Not Specified,1.5L,4,Hybrid,4,Not Specified,177800,JTDKB20U573260145,Clean Title,Gray,Gray,4500,372
2017,Toyota,Camry,Not Specified,Sedan,Not Specified,Not Specified,Very Good,Very Good,FWD,Not Specified,Not Specified,Automatic,2.5L,4,Not Specified,4,Not Specified,52000,4T1BF1FK2HU450416,Rebuilt/Reconstructed Title,Gray,Gray,11700,795
2010,Toyota,Corolla,S,Sedan,Not Specified,Not Specified,Very Good,Very Good,2-Wheel Drive,Not Specified,Not Specified,Automatic,1.8L,4,Gasoline,4,Not Specified,205253,1NXBU4EE1AZ280297,Clean Title,Red,Black,5900,160
2007,Toyota,Sequoia,SR5,SUV,Not Specified,Not Specified,Good,Good,4-Wheel Drive,Not Specified,Not Specified,Not Specified,Not Specified,8,Gasoline,4,Not Specified,240000,5TDBT44A87S282079,Clean Title,Green,Tan,7900,85
2016,Toyota,Highlander,Limited,SUV,Not Specified,Not Specified,Not Specified,Not Specified,AWD,Not Specified,Not Specified,Automatic,Not Specified,6,Gasoline,Not Specified,Not Specified,104271,5TDDKRFH0GS305745,Clean Title,Gray,Black,20500,126
2008,Toyota,Avalon,Not Specified,SUV,Not Specified,Not Specified,Poor,Good,Not Specified,Not Specified,Not Specified,Not Specified,Not Specified,Not Specified,Not Specified,4,Not Specified,183868,4T1BK36B68U256981,Salvage Title,Gray,Beige,3000,254
2021,Toyota,RAV4,XLE,SUV,Not Specified,Not Specified,Very Good,Excellent,4-Wheel Drive,Not Specified,Not Specified,Automatic,2.5L,4,Gasoline,4,Not Specified,35653,2T3P1RFV1MC143416,Clean Title,Gray,Gray,28995,80
2010,Toyota,Corolla,S,Sedan,Not Specified,Not Specified,Excellent,Excellent,FWD,Not Specified,Not Specified,Not Specified,Not Specified,4,Gasoline,4,Not Specified,68200,2T1BU4EE3AC470877,Salvage Title,Gray,Black,9000,512
2009,Toyota,Prius,Base,Compact,Not Specified,Not Specified,Very Good,Very Good,FWD,Not Specified,Not Specified,Automatic,1.5L,4,Hybrid,4,Not Specified,175000,JTDKB20U497836318,Rebuilt/Reconstructed Title,Silver,Gray,4999,66
2017,Toyota,Tacoma,SR5 V6,Truck,Crew Cab,Shortbed,Excellent,Excellent,2-Wheel Drive,Not Specified,Not Specified,Automatic,3.5L,6,Gasoline,4,5,43875,3TMAZ5CN9HM034655,Clean Title,Blue,Gray,26500,783
2007,Toyota,FJ Cruiser,Base,SUV,Not Specified,Not Specified,Very Good,Very Good,4-Wheel Drive,Not Specified,Not Specified,Automatic,4.0L,6,Gasoline,4,5,84907,JTEBU11F970063948,Clean Title,Blue,Black,26000,271
2013,Toyota,Tacoma,V6,Truck,Regular Cab,Longbed,Very Good,Very Good,4-Wheel Drive,Not Specified,Not Specified,Manual,4.0L,6,Gasoline,4,4,198425,5TFUU4EN0DX059080,Clean Title,Other,Gray,18000,146
1988,Toyota,Pickup,Base,Truck,Not Specified,Not Specified,Good,Good,4-Wheel Drive,Not Specified,Not Specified,Manual,2.4L,4,Gasoline,2,Not Specified,85800,JT4RN63A4J0207153,Rebuilt/Reconstructed Title,Blue,Blue,10000,449
2023,Toyota,Tacoma,TRD Off-Road,Truck,Not Specified,Not Specified,Excellent,Excellent,4-Wheel Drive,Not Specified,Not Specified,Automanual,Not Specified,6,Gasoline,Not Specified,Not Specified,3000,3TMCZ5AN5PM604810,Clean Title,White,Gray,45199,92
2004,Toyota,Tundra,CrewMax SR5,Truck,Not Specified,Not Specified,Very Good,Very Good,4-Wheel Drive,Not Specified,Not Specified,Automatic,4.7L,Not Specified,Gasoline,4,Not Specified,168000,5TBDT44184S447397,Clean Title,White,Creme,18000,1040
2008,Toyota,Camry,XLE,Sedan,Not Specified,Not Specified,Fair,Good,FWD,Not Specified,Not Specified,Automatic,Not Specified,4,Gasoline,4,Not Specified,192407,4T1BE46K88U252959,Clean Title,Beige,Beige,4250,796
2019,Toyota,Sequoia,SR5,SUV,Not Specified,Not Specified,Very Good,Excellent,4-Wheel Drive,Not Specified,Not Specified,Not Specified,Not Specified,8,Gasoline,Not Specified,Not Specified,50225,5TDBY5G11KS166590,Clean Title,Black,Beige,41995,229
1996,Toyota,Tacoma,SR V6,Truck,Not Specified,Not Specified,Not Specified,Not Specified,4-Wheel Drive,Not Specified,Not Specified,Manual,3.4L,6,Not Specified,2,Not Specified,205300,4taWN72N5TZ115380,Clean Title,Not Specified,Not Specified,7000,357
2007,Toyota,RAV4,Sport,SUV,Not Specified,Not Specified,Good,Very Good,4-Wheel Drive,Not Specified,Not Specified,Automatic,3.5L,6,Gasoline,4,5,165000,JTMBK32V975021195,Clean Title,Silver,Black,8500,785
2010,Toyota,Tacoma,SR5 V6,Truck,Not Specified,Not Specified,Good,Very Good,Not Specified,Not Specified,Not Specified,Automatic,Not Specified,6,Gasoline,4,Not Specified,151110,5TEMU4FN1AZ700949,Clean Title,White,Gray,16200,595
2008,Toyota,Matrix,XR,Hatchback,Not Specified,Not Specified,Good,Excellent,2-Wheel Drive,Not Specified,Not Specified,Automatic,1.8L,4,Gasoline,4,Not Specified,216000,2T1KR32E18C694658,Clean Title,Gray,Black,3495,606
2016,Toyota,Tacoma,TRD Off-Road,Truck,Extended Cab,Standard Shortbed,Very Good,Very Good,4-Wheel Drive,Not Specified,Not Specified,Automanual,3.5L,6,Gasoline,4,4,105000,5TFSZ5AN8GX030628,Clean Title,White,Gray,25000,191
2015,Toyota,Sienna,LE 8-Passenger,Minivan,Not Specified,Not Specified,Very Good,Very Good,FWD,Not Specified,Not Specified,Not Specified,3.5L,6,Gasoline,4,8,88000,5TDKK3DC6FS558031,Clean Title,Silver,Gray,14999,491
2006,Toyota,Prius,Base,Hatchback,Not Specified,Not Specified,Fair,Good,FWD,Not Specified,Not Specified,Not Specified,1.5L,4,Hybrid,4,5,210000,JTDKB20U563158410,Clean Title,Red,Gray,3199,252
2008,Toyota,Tacoma,SR5,Truck,Not Specified,Not Specified,Very Good,Good,4-Wheel Drive,Not Specified,Not Specified,Manual,2.7L,4,Gasoline,2,Not Specified,159000,5TEPX42Nx8Z496933,Clean Title,Silver,Gray,14500,613
2014,Toyota,Sienna,LE 8-Passenger,Minivan,Not Specified,Not Specified,Good,Good,FWD,Not Specified,Not Specified,Automatic,3.5L,6,Gasoline,4,8,140000,5TDKK3DC9ES448119,Clean Title,Gray,Gray,12000,260
2007,Toyota,Tacoma,TRD Sport,Truck,Not Specified,Not Specified,Good,Very Good,4-Wheel Drive,Not Specified,Not Specified,Automatic,4.0L,6,Gasoline,4,Not Specified,163000,5TELU42N97Z353090,Clean Title,Silver,Gray,14900,339
2004,Toyota,4Runner,SR5,Sport Utility,Not Specified,Not Specified,Very Good,Good,4-Wheel Drive,Not Specified,Not Specified,Automatic,4.0L,6,Gasoline,4,5,242000,JTEBU14R340041218,Clean Title,Tan,Tan,14000,259
1999,Toyota,RAV4,Special Edition,Sport Utility,Not Specified,Not Specified,Good,Very Good,AWD,Not Specified,Not Specified,Manual,2.0L,4,Gasoline,4,5,276000,JT3HP10V0X7138174,Clean Title,Black,Blue,3500,248
2002,Toyota,Tundra,SR5 V8,Truck,Extended Cab,Standard Shortbed,Excellent,Very Good,RWD,Not Specified,Not Specified,Automatic,4.7L,8,Gasoline,4,6,236000,5TBRT34112S261309,Clean Title,White,Gray,6999,1943
2005,Toyota,Tacoma,SR5,Truck,Not Specified,Not Specified,Good,Good,2-Wheel Drive,Not Specified,Not Specified,Manual,4.0L,4,Gasoline,2,Not Specified,158243,5TENX22N45Z053183,Clean Title,Silver,Gray,10800,1055
1995,Toyota,4Runner,Not Specified,SUV,Not Specified,Not Specified,Not Specified,Not Specified,4-Wheel Drive,Not Specified,Not Specified,Automatic,Not Specified,6,Gasoline,4,Not Specified,184000,JT3VN39W5S0203506,Clean Title,Not Specified,Not Specified,4000,1405
2017,Toyota,Prius,Not Specified,Hatchback,Not Specified,Not Specified,Very Good,Very Good,Not Specified,Not Specified,Not Specified,Not Specified,Not Specified,Not Specified,Hybrid,Not Specified,Not Specified,175500,JTDKBRFU5H3567297,Salvage Title,Red,Gray,10500,58
2002,Toyota,MR2 Spyder,Base,Convertible,Not Specified,Not Specified,Good,Good,RWD,Not Specified,Not Specified,Automanual,1.8L,4,Gasoline,2,2,94472,JTDFR320120050505,Clean Title,Black,Black,8500,494
2021,Toyota,Tacoma,TRD Sport,Truck,Crew Cab,Shortbed,Excellent,Excellent,4-Wheel Drive,Not Specified,Not Specified,Not Specified,3.5L,6,Gasoline,4,5,46100,3TMCZ5AN9MM405254,Clean Title,Gray,Gray,36500,240
2000,Toyota,Camry,Not Specified,Sedan,Not Specified,Not Specified,Good,Good,FWD,Not Specified,Not Specified,Automatic,Not Specified,4,Gasoline,4,Not Specified,96000,JT2BG28KXY0391815,Clean Title,White,Beige,4000,561
2009,Toyota,Corolla,S,Sedan,Not Specified,Not Specified,Good,Good,FWD,Not Specified,Not Specified,Automatic,1.8L,4,Gasoline,4,Not Specified,135500,1NXBU40E69Z121147,Rebuilt/Reconstructed Title,Blue,Black,6500,181
1988,Toyota,Land Cruiser,Not Specified,SUV,Not Specified,Not Specified,Very Good,Very Good,4-Wheel Drive,Not Specified,Not Specified,Automatic,4.0L,6,Gasoline,4,Not Specified,167400,JT3fJ62G8J0075412,Rebuilt/Reconstructed Title,Gray,Gray,19000,3547
2006,Toyota,Sequoia,SR5,SUV,Not Specified,Not Specified,Good,Very Good,4-Wheel Drive,Not Specified,Not Specified,Not Specified,4.7L,8,Gasoline,4,8,250000,5TDBT44A06S274203,Clean Title,Gold,Tan,5500,144
2017,Toyota,Tundra,SR5,Truck,Crew Cab,Shortbed,Excellent,Excellent,4-Wheel Drive,Not Specified,Not Specified,Not Specified,4.6L,8,Gasoline,4,6,311731,5TFDM5F1XHX073088,Clean Title,White,Gray,26900,97
2007,Toyota,Camry,LE,Sedan,Not Specified,Not Specified,Excellent,Excellent,FWD,Not Specified,Not Specified,Automatic,2.4L,4,Gasoline,4,5,135000,4T1BE46K17U546038,Salvage Title,White,Gray,6000,196
2022,Toyota,RAV4,Not Specified,SUV,Not Specified,Not Specified,Very Good,Very Good,Not Specified,Not Specified,Not Specified,Not Specified,Not Specified,Not Specified,Not Specified,Not Specified,Not Specified,30088,2T3F1RFVXNC296535,Clean Title,Silver,Black,27500,83
2012,Toyota,Tacoma,V6,Truck,Crew Cab,Shortbed,Not Specified,Not Specified,4-Wheel Drive,Not Specified,Not Specified,Not Specified,4.0L,6,Gasoline,4,5,159000,3TMLU4EN4CM088338,Clean Title,Not Specified,Not Specified,20500,219
2018,Toyota,Tundra,Limited,Truck,Crew Cab,Shortbed,Excellent,Excellent,4-Wheel Drive,Not Specified,Not Specified,Automatic,5.7L,8,Gasoline,4,5,32400,5TFHY5F14JX724257,Clean Title,White,Black,49000,168
2021,Toyota,Tacoma,TRD Off Road,Truck,Not Specified,Not Specified,Excellent,Excellent,4-Wheel Drive,Not Specified,Not Specified,Automanual,3.5L,6,Gasoline,4,Not Specified,32000,3TMCZ5AN0MM393608,Rebuilt/Reconstructed Title,White,Gray,42500,2011
2012,Toyota,Corolla,LE,Sedan,Not Specified,Not Specified,Very Good,Excellent,FWD,Not Specified,Not Specified,Automatic,1.8L,4,Gasoline,4,5,164000,JTDBU4EE2C9174516,Clean Title,White,Gray,8999,137
2001,Toyota,Celica,GT,Coupe,Not Specified,Not Specified,Not Specified,Not Specified,FWD,Not Specified,Not Specified,Manual,Not Specified,4,Gasoline,2,Not Specified,187000,JTDDR32T310102586,Clean Title,White,Not Specified,7200,280
2003,Toyota,4Runner,SR5 Sport,SUV,Not Specified,Not Specified,Excellent,Very Good,4-Wheel Drive,Not Specified,Not Specified,Automanual,4.0L,6,Gasoline,4,Not Specified,218221,JTEBU14R630014948,Clean Title,White,Beige,10450,89
2010,Toyota,RAV4,Sport,SUV,Not Specified,Not Specified,Excellent,Excellent,AWD,Not Specified,Not Specified,Automatic,3.5L,6,Gasoline,4,Not Specified,143000,JTMRK4DV9A5096729,Rebuilt/Reconstructed Title,Silver,Black,7999,312
2005,Toyota,Camry,LE,Sedan,Not Specified,Not Specified,Not Specified,Not Specified,Not Specified,Not Specified,Not Specified,Automatic,2.1L,4,Not Specified,4,Not Specified,269000,4T1BE32K25U392601,Clean Title,Not Specified,Not Specified,2600,182
2015,Toyota,Tacoma,PreRunner V6,Truck,Crew Cab,Shortbed,Excellent,Excellent,2-Wheel Drive,Not Specified,Not Specified,Automanual,4.0L,6,Gasoline,4,5,52677,5TFJU4GN9FX082862,Clean Title,Silver,Gray,25000,275
2012,Toyota,4Runner,SR5,Sport Utility,Not Specified,Not Specified,Very Good,Good,4-Wheel Drive,Not Specified,Not Specified,Not Specified,4.0L,6,Gasoline,4,5,138505,JTEBU5JR1C5082203,Clean Title,Black,Beige,17900,339
2015,Toyota,Sienna,LE 7-Passenger,Minivan,Not Specified,Not Specified,Very Good,Very Good,AWD,Not Specified,Not Specified,Automatic,3.5L,6,Gasoline,4,7,198000,5TDJK3DC7FS123126,Clean Title,White,Gray,13000,74
2006,Toyota,Camry Solara,Not Specified,Coupe,Not Specified,Not Specified,Good,Good,FWD,Not Specified,Not Specified,Automanual,3.3L,6,Gasoline,2,Not Specified,134000,4T1CA30P36U097524,Rebuilt/Reconstructed Title,Silver,Not Specified,3200,263
2017,Toyota,Tacoma,TRD Off-Road,Truck,Not Specified,Not Specified,Not Specified,Not Specified,4-Wheel Drive,Not Specified,Not Specified,Not Specified,Not Specified,6,Gasoline,Not Specified,Not Specified,137000,5TFCZ5AN6HX098142,Clean Title,White,Blue,26000,108
2007,Toyota,Tundra,CrewMax SR5,Truck,Not Specified,Not Specified,Fair,Good,4-Wheel Drive,Not Specified,Not Specified,Automatic,5.7L,8,Gasoline,4,Not Specified,122500,5TBDV54187S478718,Clean Title,Red,Beige,15800,203
2000,Toyota,Tacoma,SR5,Truck,Not Specified,Not Specified,Very Good,Very Good,4-Wheel Drive,Not Specified,Not Specified,Manual,Not Specified,4,Gasoline,2,Not Specified,345000,4TAWM72N5YZ676169,Clean Title,Silver,Gray,7000,1164
2019,Toyota,RAV4,XLE Premium,Crossover,Not Specified,Not Specified,Good,Good,Not Specified,Not Specified,Not Specified,Automatic,Not Specified,Not Specified,Not Specified,4,Not Specified,36000,2T3A1RFV1KW081906,Clean Title,White,Gray,30500,119
2010,Toyota,Camry,LE V6,Sedan,Not Specified,Not Specified,Very Good,Good,FWD,Not Specified,Not Specified,Automatic,3.5L,6,Gasoline,4,5,137733,4T1BK3EK6AU114895,Clean Title,Gray,Gray,6750,452
2006,Toyota,Camry,SE V6,Sedan,Not Specified,Not Specified,Good,Good,FWD,Not Specified,Not Specified,Automatic,3.3L,6,Gasoline,4,Not Specified,162075,4T1BA30K96U082980,Clean Title,White,Tan,6500,93
2004,Toyota,Sienna,CE 8 Passenger,Minivan,Not Specified,Not Specified,Good,Good,FWD,Not Specified,Not Specified,Automatic,3.3L,6,Gasoline,4,8,256000,5TDZA23C04S152689,Clean Title,Tan,Beige,3200,190
2014,Toyota,RAV4,LE,Crossover,Not Specified,Not Specified,Good,Good,Not Specified,Not Specified,Not Specified,Automatic,Not Specified,Not Specified,Gasoline,4,Not Specified,139000,2t3bfrev7ew183609,Clean Title,Red,Black,13999,106
2017,Toyota,86,Base,Coupe,Not Specified,Not Specified,Poor,Excellent,Not Specified,Not Specified,Not Specified,Manual,2.0L,4,Not Specified,2,Not Specified,37000,JF1ZNAA18H9705678,Clean Title,Blue,Black,12500,199
1997,Toyota,Tacoma,V6,Truck,Extended Cab,Standard Longbed,Fair,Good,4-Wheel Drive,Not Specified,Not Specified,Automatic,3.4L,6,Gasoline,2,4,184000,4TAWN72N3VZ274756,Clean Title,Blue,Gray,7500,1960
2005,Toyota,Tundra,SR5,Truck,Crew Cab,Standard Shortbed,Good,Very Good,4-Wheel Drive,Not Specified,Not Specified,Automatic,4.7L,8,Gasoline,4,5,223000,5TBDT441X5S488860,Clean Title,Green,Gray,8800,567
2017,Toyota,Yaris,Not Specified,Sedan,Not Specified,Not Specified,Very Good,Very Good,FWD,Not Specified,Not Specified,Automatic,1.5L,4,Gasoline,4,Not Specified,115837,3MYDLBYV3HY151633,Rebuilt/Reconstructed Title,Silver,Gray,8999,37
1995,Toyota,4Runner,SR5,SUV,Not Specified,Not Specified,Fair,Very Good,4-Wheel Drive,Not Specified,Not Specified,Manual,3.0L,6,Gasoline,4,Not Specified,262830,JT3VN39W6S0210254,Clean Title,White,Gray,7000,118
2011,Toyota,Camry,SE,Sedan,Not Specified,Not Specified,Not Specified,Not Specified,FWD,Not Specified,Not Specified,Not Specified,2.5L,4,Gasoline,4,5,180000,4T1BF3EK8BU167183,Rebuilt/Reconstructed Title,Not Specified,Not Specified,5000,1028
2021,Toyota,4Runner,Limited,SUV,Not Specified,Not Specified,Excellent,Excellent,AWD,Not Specified,Not Specified,Automatic,4.0L,6,Gasoline,4,Not Specified,17500,JTEKU5JR2M5951165,Rebuilt/Reconstructed Title,Gray,Black,32500,186
2016,Toyota,4Runner,Trail Premium,Sport Utility,Not Specified,Not Specified,Good,Excellent,4-Wheel Drive,Not Specified,Not Specified,Automatic,4.0L,6,Gasoline,4,5,90417,JTEBU5JR4G5349338,Rebuilt/Reconstructed Title,Silver,Black,27999,175
2008,Toyota,Highlander,Base,SUV,Not Specified,Not Specified,Good,Good,FWD,Not Specified,Not Specified,Automatic,3.5L,6,Gasoline,4,Not Specified,107022,JTEDS41AX82035554,Rebuilt/Reconstructed Title,Green,Creme,11500,172
2010,Toyota,Tundra,Platinum,Truck,Crew Cab,Standard Shortbed,Very Good,Very Good,4-Wheel Drive,Not Specified,Not Specified,Not Specified,5.7L,8,Flex Fuel,4,5,210000,5TFHW5F12AX128344,Clean Title,Black,Gray,19300,197
2021,Toyota,Tacoma,TRD Sport,Truck,Not Specified,Not Specified,Very Good,Excellent,Not Specified,Not Specified,Not Specified,Not Specified,Not Specified,Not Specified,Not Specified,4,Not Specified,34000,3TMCZ5AN7MM408010,Rebuilt/Reconstructed Title,White,Black,35000,126
2005,Toyota,Sienna,LE,Van,Not Specified,Not Specified,Good,Good,FWD,Not Specified,Not Specified,Automatic,3.3L,6,Gasoline,4,Not Specified,137687,5TDZA23C05S277001,Clean Title,Gray,Not Specified,9950,198
2008,Toyota,Prius,Base,Hatchback,Not Specified,Not Specified,Very Good,Very Good,FWD,Not Specified,Not Specified,Not Specified,1.5L,4,Hybrid,4,5,49780,JTDKB20U183320410,Rebuilt/Reconstructed Title,Black,Gray,7500,413
2016,Toyota,4Runner,SR5,SUV,Not Specified,Not Specified,Good,Good,4-Wheel Drive,Not Specified,Not Specified,Automatic,Not Specified,6,Gasoline,4,Not Specified,90700,JTEBU5JR6G5329673,Rebuilt/Reconstructed Title,Black,Gray,27500,217
2003,Toyota,4Runner,SR5 Sport,SUV,Not Specified,Not Specified,Good,Not Specified,4-Wheel Drive,Not Specified,Not Specified,Automatic,Not Specified,8,Gasoline,4,Not Specified,198000,JTEBT14R230007823,Clean Title,White,Gray,10000,259
2011,Toyota,Tacoma,TRD Off Road,Truck,Not Specified,Not Specified,Very Good,Very Good,4-Wheel Drive,Not Specified,Not Specified,Automatic,4.0L,6,Gasoline,4,Not Specified,142000,3TMLU4EN6BM077131,Clean Title,White,Gray,23500,163
1993,Toyota,4Runner,Not Specified,SUV,Not Specified,Not Specified,Very Good,Good,4-Wheel Drive,Not Specified,Not Specified,Not Specified,Not Specified,6,Gasoline,4,Not Specified,170000,JT3VN39W7P0121350,Clean Title,White,Not Specified,9500,2269
2012,Toyota,FJ Cruiser,Base,SUV,Not Specified,Not Specified,Very Good,Excellent,4-Wheel Drive,Not Specified,Not Specified,Automatic,Not Specified,6,Gasoline,4,Not Specified,124000,JTEBU4BF8CK140260,Clean Title,Red,Red,27000,940
2017,Toyota,Sienna,XLE,Minivan,Not Specified,Not Specified,Not Specified,Not Specified,4-Wheel Drive,Not Specified,Not Specified,Automatic,3.5L,6,Not Specified,4,Not Specified,137553,5TDDZ3DC0HS157937,Clean Title,Blue,Gray,20000,138
2007,Toyota,Tacoma,Not Specified,Truck,Not Specified,Not Specified,Good,Very Good,4-Wheel Drive,Not Specified,Not Specified,Automatic,4.0L,6,Gasoline,4,Not Specified,206000,5TEMU52N57Z450863,Clean Title,Black,Gray,16000,676
2007,Toyota,Camry,LE,Sedan,Not Specified,Not Specified,Good,Good,FWD,Not Specified,Not Specified,Automanual,Not Specified,4,Gasoline,4,Not Specified,145600,4T1BE46K77U120466,Salvage Title,Gray,Gray,6500,76
1963,Toyota,Land Cruiser,Base,Truck,Not Specified,Not Specified,Fair,Fair,4-Wheel Drive,Not Specified,Not Specified,Manual,5.7L,8,Gasoline,2,Not Specified,99999,63FJ4018663,Clean Title,Beige,Beige,10000,278
2002,Toyota,Tundra,Limited V8,Truck,Extended Cab,Standard Shortbed,Not Specified,Not Specified,RWD,Not Specified,Not Specified,Not Specified,4.7L,8,Gasoline,4,6,205000,5TBRT38102S316083,Clean Title,Not Specified,Not Specified,8000,123
2002,Toyota,Prius,Base,Sedan,Not Specified,Not Specified,Good,Good,FWD,Not Specified,Not Specified,Automatic,1.5L,4,Hybrid,4,Not Specified,237124,JT2BK12U220043033,Clean Title,Blue,Gray,4700,276
2001,Toyota,Tundra,SR5,Truck,Not Specified,Not Specified,Good,Very Good,RWD,Not Specified,Not Specified,Automatic,4.7L,8,Gasoline,4,Not Specified,307969,5TBRT34191S154815,Clean Title,Gold,Brown,3999,1488
2011,Toyota,RAV4,Not Specified,Crossover,Not Specified,Not Specified,Very Good,Very Good,AWD,Not Specified,Not Specified,Not Specified,Not Specified,4,Not Specified,Not Specified,Not Specified,78500,2T3BF4DV8BW152143,Clean Title,Not Specified,Not Specified,12200,353
2006,Toyota,Sienna,SE,Van,Not Specified,Not Specified,Not Specified,Not Specified,Not Specified,Not Specified,Not Specified,Not Specified,Not Specified,Not Specified,Not Specified,Not Specified,Not Specified,175000,5TDZA23C36S466520,Clean Title,Not Specified,Not Specified,5999,41
2014,Toyota,Corolla,LE ECO,Sedan,Not Specified,Not Specified,Not Specified,Not Specified,FWD,Not Specified,Not Specified,Automatic,1.8L,4,Gasoline,4,5,150000,5YFBPRHE6EP029783,Clean Title,Not Specified,Not Specified,8900,352
1997,Toyota,4Runner,Limited,Sport Utility,Not Specified,Not Specified,Very Good,Very Good,RWD,Not Specified,Not Specified,Automatic,3.4L,6,Gasoline,4,5,213394,JT3GN87R7V0033012,Clean Title,Beige,Tan,6800,241
2004,Toyota,Tacoma,SR5,Truck,Not Specified,Not Specified,Good,Very Good,4-Wheel Drive,Not Specified,Not Specified,Manual,2.7L,4,Gasoline,2,Not Specified,185000,5TEWM72N74Z383425,Clean Title,Black,Tan,13500,310
1978,Toyota,Pickup,Deluxe,Crossover,Extended Cab,Standard Shortbed,Very Good,Very Good,FWD,Not Specified,Not Specified,Manual,1.5L,4,Gasoline,3,6,138000,RN28129578,Clean Title,Tan,Beige,6900,303
2018,Toyota,Highlander,XLE,SUV,Not Specified,Not Specified,Not Specified,Not Specified,AWD,Not Specified,Not Specified,Automatic,Not Specified,6,Gasoline,4,Not Specified,109060,5TDJZRFH6JS853142,Clean Title,White,Not Specified,24500,21
2019,Toyota,Tacoma,TRD Pro,Truck,Not Specified,Not Specified,Excellent,Excellent,4-Wheel Drive,Not Specified,Not Specified,Automatic,Not Specified,6,Gasoline,4,Not Specified,46000,3TMDZ5BN6KM079106,Clean Title,Gray,Black,32500,83
2003,Toyota,Sequoia,Limited,SUV,Not Specified,Not Specified,Not Specified,Not Specified,4-Wheel Drive,Not Specified,Not Specified,Not Specified,4.7L,8,Gasoline,4,8,250000,5TDBT48A53S143788,Clean Title,Not Specified,Not Specified,3500,229
2018,Toyota,Tacoma,TRD Off Road,Truck,Not Specified,Not Specified,Very Good,Very Good,4-Wheel Drive,Not Specified,Not Specified,Automatic,Not Specified,Not Specified,Gasoline,4,Not Specified,85000,3TMCZ5AN4JM170645,Clean Title,White,Gray,32500,397
2001,Toyota,4Runner,SR5,Sport Utility,Regular Cab,Not Specified,Poor,Fair,4-Wheel Drive,Not Specified,Not Specified,Not Specified,3.4L,6,Gasoline,4,5,391500,JT3HN86R419050829,Not Specified,Green,Tan,3000,1177
2019,Toyota,C-HR,Not Specified,Hatchback,Not Specified,Not Specified,Excellent,Excellent,AWD,Not Specified,Not Specified,Automatic,2.0L,4,Gasoline,4,Not Specified,47000,JTNKHMBX9K1014667,Clean Title,Gray,Black,26000,255
2003,Toyota,Tacoma,PreRunner V6,Truck,Crew Cab,Shortbed,Good,Good,RWD,Not Specified,Not Specified,Automatic,3.4L,6,Gasoline,4,5,208730,5TEGN92N93Z232808,Rebuilt/Reconstructed Title,Red,Gray,10900,193
2012,Toyota,Sequoia,Platinum,Sport Utility,Not Specified,Not Specified,Excellent,Excellent,4-Wheel Drive,Not Specified,Not Specified,Automanual,5.7L,8,Gasoline,4,7,157000,5TDDY5G12CS060790,Clean Title,White,Tan,25000,105
1980,Toyota,4Runner,SR5,Crossover,Not Specified,Not Specified,Good,Not Specified,4-Wheel Drive,Not Specified,Not Specified,Manual,Not Specified,4,Gasoline,2,Not Specified,245070,3E4LR31G292W57,Clean Title,Red,Red,3900,467
2017,Toyota,Highlander,XLE,Sport Utility,Not Specified,Not Specified,Very Good,Very Good,AWD,Not Specified,Not Specified,Not Specified,3.5L,6,Gasoline,4,8,42677,5TDJZRFH2HS446915,Salvage Title,Silver,Silver,26000,125
2023,Toyota,Tacoma,SR,Truck,Not Specified,Not Specified,Excellent,Excellent,Not Specified,Not Specified,Not Specified,Automatic,Not Specified,6,Not Specified,4,Not Specified,9500,3TMCZ5AN2PM599887,Clean Title,Silver,Gray,36000,446
2009,Toyota,Tacoma,TRD Sport,Truck,Not Specified,Not Specified,Very Good,Very Good,4-Wheel Drive,Not Specified,Not Specified,Automatic,4.0L,6,Gasoline,4,Not Specified,120000,5TEUU42N49Z639937,Clean Title,Silver,Gray,16500,185
2011,Toyota,4Runner,Limited,Sport Utility,Regular Cab,Standard Longbed,Good,Very Good,AWD,Not Specified,Not Specified,Automatic,4.0L,6,Gasoline,4,5,229950,JTEBU5JR5B5067248,Clean Title,Gray,Black,12500,272
2010,Toyota,Tacoma,TRD Sport,Truck,Not Specified,Not Specified,Excellent,Excellent,4-Wheel Drive,Not Specified,Not Specified,Automatic,4.0L,6,Gasoline,4,Not Specified,150000,5TEMU4FN5AZ731573,Clean Title,White,Gray,22000,635
2023,Toyota,Sienna,Woodland Edition,Van,Not Specified,Not Specified,Excellent,Excellent,AWD,Not Specified,Not Specified,Automatic,2.4L,4,Hybrid,4,Not Specified,9760,5TDCSKFC6PS092405,Clean Title,Gray,Gray,53995,1430
2003,Toyota,4Runner,SR5,SUV,Not Specified,Not Specified,Very Good,Very Good,4-Wheel Drive,Not Specified,Not Specified,Automatic,1.7L,8,Gasoline,4,Not Specified,190107,JTEBT14R730006439,Rebuilt/Reconstructed Title,Green,Gray,10800,383
2023,Toyota,Tacoma,TRD Sport,Truck,Not Specified,Not Specified,Excellent,Excellent,4-Wheel Drive,Not Specified,Not Specified,Automatic,3.5L,6,Not Specified,4,Not Specified,9000,3TMCZ5AN3PM587859,Clean Title,Gray,Black,45000,238
2019,Toyota,Avalon,Hybrid XLE,Sedan,Not Specified,Not Specified,Excellent,Excellent,Not Specified,Not Specified,Not Specified,Automatic,Not Specified,Not Specified,Hybrid,4,Not Specified,58000,4T1B21FB3KU006657,Clean Title,White,Black,31250,57
2018,Toyota,Tacoma,Base,Truck,Not Specified,Not Specified,Not Specified,Not Specified,2-Wheel Drive,Not Specified,Not Specified,Not Specified,Not Specified,4,Not Specified,Not Specified,Not Specified,42000,5TFRX5GN5JX125120,Clean Title,Not Specified,Not Specified,22000,868
2012,Toyota,4Runner,SR5,Sport Utility,Regular Cab,Not Specified,Very Good,Very Good,4-Wheel Drive,Not Specified,Not Specified,Automatic,4.0L,6,Gasoline,4,7,142735,JTEBU5JR7C5086434,Salvage Title,Silver,Black,12750,761
2019,Toyota,RAV4,XLE,SUV,Not Specified,Not Specified,Very Good,Very Good,AWD,Not Specified,Not Specified,Not Specified,Not Specified,4,Gasoline,Not Specified,Not Specified,50000,JTMP1RFV8KD035948,Rebuilt/Reconstructed Title,Silver,Gray,22999,111
2001,Toyota,Tacoma,V6,Truck,Crew Cab,Shortbed,Good,Excellent,4-Wheel Drive,Not Specified,Not Specified,Automatic,3.4L,6,Gasoline,4,5,118000,5TEHN72NX1Z837488,Clean Title,Red,Beige,7000,1429
1999,Toyota,Camry,LE,Sedan,Not Specified,Not Specified,Poor,Good,FWD,Not Specified,Not Specified,Automatic,Not Specified,6,Gasoline,4,Not Specified,200204,JT2BF28K7X0186065,Clean Title,Red,Gray,3000,98
2004,Toyota,4Runner,Not Specified,SUV,Not Specified,Not Specified,Not Specified,Not Specified,4-Wheel Drive,Not Specified,Not Specified,Not Specified,Not Specified,Not Specified,Not Specified,Not Specified,Not Specified,219000,JTEBU14R640044078,Rebuilt/Reconstructed Title,Not Specified,Not Specified,6499,471
2009,Toyota,Tacoma,TRD Off Road,Truck,Not Specified,Not Specified,Excellent,Very Good,4-Wheel Drive,Not Specified,Not Specified,Automatic,4.0L,6,Gasoline,4,Not Specified,137329,5TELU42N89Z616379,Clean Title,White,Black,21000,232
2005,Toyota,Prius,Base,Hatchback,Not Specified,Not Specified,Not Specified,Not Specified,FWD,Not Specified,Not Specified,Automatic,1.5L,4,Hybrid,4,5,220100,JTDKB20U153127962,Clean Title,Not Specified,Not Specified,3600,85
2020,Toyota,4Runner,SR5 Premium,Sport Utility,Crew Cab,Not Specified,Excellent,Excellent,4-Wheel Drive,Not Specified,Not Specified,Automatic,4.0L,6,Gasoline,4,7,62000,JTEBU5JR9L5794409,Clean Title,White,Black,33000,178
2006,Toyota,Tacoma,PreRunner,Truck,Not Specified,Not Specified,Good,Good,2-Wheel Drive,Not Specified,Not Specified,Automatic,Not Specified,Not Specified,Not Specified,4,Not Specified,165000,5TEJU62N86Z294700,Clean Title,Black,Not Specified,15500,311
2021,Toyota,Tacoma,TRD Off-Road,Truck,Not Specified,Not Specified,Excellent,Excellent,4-Wheel Drive,Not Specified,Not Specified,Automatic,Not Specified,6,Gasoline,4,Not Specified,41000,3TMCZ5AN6MM380233,Clean Title,Red,Black,38500,201
2017,Toyota,Land Cruiser,Not Specified,SUV,Not Specified,Not Specified,Excellent,Excellent,4-Wheel Drive,Not Specified,Not Specified,Not Specified,Not Specified,8,Not Specified,Not Specified,Not Specified,43000,JTMCY7AJ5H4050466,Clean Title,Gray,Brown,68500,245
2015,Toyota,Sequoia,Platinum,SUV,Not Specified,Not Specified,Very Good,Very Good,4-Wheel Drive,Not Specified,Not Specified,Automatic,5.7L,8,Gasoline,4,Not Specified,112500,5TDDY5G14FS121772,Clean Title,Black,Brown,32500,139
2021,Toyota,Tacoma,TRD Off Road,Truck,Not Specified,Not Specified,Excellent,Excellent,4-Wheel Drive,Not Specified,Not Specified,Automatic,3.5L,6,Gasoline,4,Not Specified,17840,3TMCZ5AN0MM383614,Rebuilt/Reconstructed Title,Red,Black,29499,598
2009,Toyota,Tacoma,V6,Truck,Extended Cab,Standard Shortbed,Good,Good,4-Wheel Drive,Not Specified,Not Specified,Manual,4.0L,6,Gasoline,4,4,137000,5TEUU42N09Z592793,Clean Title,Silver,Gray,7500,0
2004,Toyota,Corolla,S,Sedan,Not Specified,Not Specified,Fair,Good,FWD,Not Specified,Not Specified,Automatic,1.8L,4,Gasoline,4,Not Specified,188600,1NXBR32E04Z239177,Rebuilt/Reconstructed Title,Red,Black,3500,1606
2015,Toyota,Tundra,Limited,Truck,Not Specified,Not Specified,Very Good,Very Good,4-Wheel Drive,Not Specified,Not Specified,Automatic,5.7L,8,Gasoline,4,Not Specified,181341,5TFHW5F17FX430364,Clean Title,Gray,Black,25975,596
2002,Toyota,Highlander,Not Specified,SUV,Not Specified,Not Specified,Fair,Good,AWD,Not Specified,Not Specified,Automatic,3.0L,6,Gasoline,4,Not Specified,186000,JTEHF21A120095378,Clean Title,Green,Tan,4600,616
2015,Toyota,Tundra,Platinum,Truck,Not Specified,Not Specified,Very Good,Very Good,4-Wheel Drive,Not Specified,Not Specified,Automatic,5.7L,8,Flex Fuel,4,Not Specified,131500,5TFAW5F1XFX481245,Clean Title,Gray,Black,27995,923
2005,Toyota,Tacoma,PreRunner,Truck,Not Specified,Not Specified,Not Specified,Not Specified,Not Specified,Not Specified,Not Specified,Automatic,Not Specified,4,Gasoline,2,Not Specified,205000,5TENX22N55Z043827,Clean Title,Not Specified,Not Specified,8200,362
2010,Toyota,Corolla,S,Sedan,Not Specified,Not Specified,Fair,Fair,FWD,Not Specified,Not Specified,Manual,Not Specified,4,Gasoline,4,Not Specified,150000,1NXBU4EE2AZ280972,Clean Title,Black,Black,8200,259
2002,Toyota,4Runner,Limited,SUV,Not Specified,Not Specified,Not Specified,Good,4-Wheel Drive,Not Specified,Not Specified,Automatic,Not Specified,6,Gasoline,Not Specified,Not Specified,209000,JT3HN87R920376548,Clean Title,Not Specified,Not Specified,10000,274
2015,Toyota,4Runner,SR5,SUV,Not Specified,Not Specified,Good,Very Good,4-Wheel Drive,Not Specified,Not Specified,Automanual,4.0L,6,Gasoline,4,5,118796,JTEBU5JR7F5250186,Clean Title,Black,Black,20500,808
2018,Toyota,4Runner,TRD Off Road Premium,SUV,Not Specified,Not Specified,Good,Very Good,Not Specified,Not Specified,Not Specified,Automatic,Not Specified,6,Not Specified,4,Not Specified,105000,JTEBU5JR1J5515077,Clean Title,Gray,Black,30000,153
2022,Toyota,Camry,SE,Sedan,Not Specified,Not Specified,Not Specified,Not Specified,FWD,Not Specified,Not Specified,Not Specified,Not Specified,4,Gasoline,4,Not Specified,44491,4T1G11AK1NU667253,Clean Title,Silver,Black,24500,207
2008,Toyota,Prius,Base,Hatchback,Not Specified,Not Specified,Not Specified,Not Specified,FWD,Not Specified,Not Specified,Not Specified,1.5L,4,Hybrid,4,5,149000,JTDKB20U783412802,Rebuilt/Reconstructed Title,Not Specified,Not Specified,4800,166
2014,Toyota,Tundra,SR5,Truck,Crew Cab,Shortbed,Very Good,Very Good,4-Wheel Drive,Not Specified,Not Specified,Automanual,5.7L,8,Gasoline,4,6,150000,5TFDW5F19EX412574,Clean Title,Black,Black,30000,91
2014,Toyota,Corolla,S,Sedan,Not Specified,Not Specified,Very Good,Very Good,FWD,Not Specified,Not Specified,Automatic,1.8L,4,Gasoline,4,Not Specified,207490,5YFBURHE5EP174922,Clean Title,White,Black,7500,135
1988,Toyota,Pickup,One Ton,Truck,Not Specified,Not Specified,Not Specified,Fair,RWD,Not Specified,Not Specified,Manual,1.6L,4,Gasoline,2,Not Specified,191000,JT4RN55E0J0264542,Clean Title,Other,Creme,3500,1498
2012,Toyota,Sienna,XLE 7 Passenger,Minivan,Not Specified,Not Specified,Excellent,Excellent,AWD,Not Specified,Not Specified,Automatic,Not Specified,6,Gasoline,4,Not Specified,243000,5TDDK3DC1CS032152,Clean Title,Gray,Gray,7995,80
1996,Toyota,4Runner,Limited,SUV,Not Specified,Not Specified,Good,Fair,4-Wheel Drive,Not Specified,Not Specified,Automatic,3.4L,6,Gasoline,4,5,303490,JT3HN87R1T0006129,Clean Title,Silver,Beige,3500,3353
1996,Toyota,Camry,Not Specified,Sedan,Not Specified,Not Specified,Poor,Good,FWD,Not Specified,Not Specified,Automatic,Not Specified,6,Gasoline,4,Not Specified,266091,4T1BF12K8TU128376,Not Specified,Tan,Tan,1300,119
2008,Toyota,Camry Solara,Not Specified,Convertible,Not Specified,Not Specified,Fair,Fair,FWD,Not Specified,Not Specified,Automatic,Not Specified,6,Gasoline,2,Not Specified,187871,4T1FA38P38U152039,Clean Title,Not Specified,Not Specified,6500,96
2006,Toyota,Tacoma,V6,Truck,Crew Cab,Shortbed,Fair,Good,4-Wheel Drive,Not Specified,Not Specified,Automatic,4.0L,6,Gasoline,4,5,219300,5TELU42N46Z273856,Clean Title,White,Gray,9999,669
2008,Toyota,Sienna,LE 8-Passenger,Minivan,Not Specified,Not Specified,Very Good,Excellent,FWD,Not Specified,Not Specified,Automatic,3.5L,6,Gasoline,4,8,253857,5TDZK23C38S142290,Clean Title,Blue,Gray,6900,24
1992,Toyota,MR2,Base,Coupe,Not Specified,Not Specified,Fair,Fair,Not Specified,Not Specified,Not Specified,Manual,Not Specified,4,Not Specified,2,Not Specified,180000,JT2SW21N2N0017184,Clean Title,Blue,Blue,6800,3840
1983,Toyota,Celica,GT-S,Hatchback,Not Specified,Not Specified,Poor,Poor,RWD,Not Specified,Not Specified,Manual,2.4L,4,Gasoline,2,4,206708,JT2RA65L6D4002840,Clean Title,White,Other,2700,2082
1991,Toyota,Land Cruiser,Not Specified,Truck,Not Specified,Not Specified,Good,Good,4-Wheel Drive,Not Specified,Not Specified,Not Specified,4.0L,6,Gasoline,4,Not Specified,199800,JT3FJ80W5M0019339,Clean Title,Gray,Gray,7400,2907
2012,Toyota,FJ Cruiser,Not Specified,Wagon,Not Specified,Not Specified,Not Specified,Not Specified,4-Wheel Drive,Not Specified,Not Specified,Automatic,Not Specified,6,Gasoline,4,Not Specified,122000,JTEBU4BF0CK130905,Rebuilt/Reconstructed Title,Red,Black,23000,565
2018,Toyota,Tundra,Limited,Truck,Not Specified,Not Specified,Not Specified,Excellent,4-Wheel Drive,Not Specified,Not Specified,Automatic,5.7L,8,Gasoline,4,Not Specified,49600,5TFHY5F18JX740638,Rebuilt/Reconstructed Title,Red,Not Specified,34000,1111
2018,Toyota,Camry,SE,Sedan,Not Specified,Not Specified,Good,Excellent,FWD,Not Specified,Not Specified,Automatic,2.5L,4,Gasoline,4,5,114000,4T1B11HK1JU613364,Rebuilt/Reconstructed Title,Silver,Black,13900,766
2000,Toyota,Tundra,Limited,Truck,Not Specified,Not Specified,Good,Good,4-Wheel Drive,Not Specified,Not Specified,Automatic,4.7L,8,Gasoline,4,Not Specified,263000,5TBBT4818YS085000,Clean Title,White,Brown,5000,253
2011,Toyota,Prius,Not Specified,Hatchback,Not Specified,Not Specified,Very Good,Very Good,2-Wheel Drive,Not Specified,Not Specified,Not Specified,Not Specified,Not Specified,Hybrid,4,Not Specified,202000,JTDKN3DU8B5321721,Clean Title,Gray,Gray,6300,41
2009,Toyota,Matrix,XRS,Hatchback,Not Specified,Not Specified,Good,Excellent,FWD,Not Specified,Not Specified,Automanual,2.4L,4,Gasoline,4,Not Specified,164572,2T1GE40E29C002242,Clean Title,White,Black,5500,179
2010,Toyota,Corolla,S,Sedan,Not Specified,Not Specified,Very Good,Very Good,2-Wheel Drive,Not Specified,Not Specified,Automanual,1.8L,4,Gasoline,4,Not Specified,168000,2T1BU4EE1AC445931,Clean Title,White,Black,5800,542
2022,Toyota,Highlander,XSE,SUV,Not Specified,Not Specified,Excellent,Excellent,AWD,Not Specified,Not Specified,Automatic,3.5L,6,Gasoline,4,Not Specified,83000,5TDJZRBH9NS180245,Clean Title,Blue,Black,35000000,257
2020,Toyota,GR Supra,3.0 Premium,Coupe,Not Specified,Not Specified,Excellent,Excellent,RWD,Not Specified,Not Specified,Automatic,3.0L,6,Gasoline,2,Not Specified,28000,WZ1DB4C01LW024597,Clean Title,White,Black,55000,275
2013,Toyota,RAV4,Limited,SUV,Not Specified,Not Specified,Very Good,Very Good,AWD,Not Specified,Not Specified,Automatic,2.5L,4,Gasoline,4,5,189788,JTMDFREV5DD012488,Clean Title,Silver,Black,10000,690
2010,Toyota,Prius,IV,Hatchback,Not Specified,Not Specified,Very Good,Excellent,FWD,Not Specified,Not Specified,CVT,1.8L,4,Hybrid,4,5,147000,JTDKN3DU8A5062677,Clean Title,Black,Gray,10200,79
2021,Toyota,Tacoma,TRD Off Road,Truck,Not Specified,Not Specified,Very Good,Very Good,4-Wheel Drive,Not Specified,Not Specified,Automanual,3.5L,6,Gasoline,4,Not Specified,76000,3TMCZ5AN7MM396358,Clean Title,Black,Gray,38000,72
2005,Toyota,Tundra,Base,Truck,Not Specified,Not Specified,Fair,Fair,4-Wheel Drive,Not Specified,Not Specified,Automatic,4.7L,8,Gasoline,4,Not Specified,187000,5TBDT44155S473554,Rebuilt/Reconstructed Title,Red,Gray,6900,537
2008,Toyota,Tacoma,V6,Truck,Crew Cab,Shortbed,Very Good,Excellent,4-Wheel Drive,Not Specified,Not Specified,Manual,4.0L,6,Gasoline,4,5,178000,5TELU42N68Z471390,Rebuilt/Reconstructed Title,White,Gray,18000,63
2012,Toyota,Tacoma,Base,Truck,Not Specified,Not Specified,Excellent,Excellent,2-Wheel Drive,Not Specified,Not Specified,Automatic,Not Specified,4,Not Specified,Not Specified,Not Specified,55800,5TFJX4CN6CX019663,Clean Title,White,Not Specified,19150,1610
2003,Toyota,Tundra,SR5,Truck,Extended Cab,Standard Shortbed,Not Specified,Not Specified,4-Wheel Drive,Not Specified,Not Specified,Automatic,4.7L,8,Gasoline,4,6,200000,5TBBT441X3S400913,Clean Title,Not Specified,Not Specified,5000,186
1974,Toyota,Land Cruiser,Not Specified,Wagon,Not Specified,Not Specified,Good,Good,4-Wheel Drive,Not Specified,Not Specified,Manual,Not Specified,6,Gasoline,2,Not Specified,1,XXXX.,Clean Title,Not Specified,Not Specified,10000,1924
2021,Toyota,Tacoma,Base,Truck,Not Specified,Not Specified,Excellent,Excellent,2-Wheel Drive,Not Specified,Not Specified,Automatic,Not Specified,4,Gasoline,4,Not Specified,39000,3TYAX5GN0MT031884,Clean Title,Gray,Gray,38700,61
2018,Toyota,Tacoma,TRD Off-Road,Truck,Crew Cab,Shortbed,Very Good,Excellent,4-Wheel Drive,Not Specified,Not Specified,Automatic,3.5L,6,Gasoline,4,5,98850,3TMCZ5AN4JM185307,Clean Title,White,Gray,28000,199
2015,Toyota,Tacoma,TRD Sport,Truck,Crew Cab,Shortbed,Very Good,Excellent,4-Wheel Drive,Not Specified,Not Specified,Automatic,4.0L,6,Gasoline,4,5,115000,3TMLU4EN3FM205024,Clean Title,Silver,Gray,53000,756
2014,Toyota,Tacoma,TRD Off-Road,Truck,Crew Cab,Shortbed,Good,Good,4-Wheel Drive,Not Specified,Not Specified,Automatic,4.0L,6,Gasoline,4,5,148993,3TMLU4EN6EM135307,Clean Title,White,Gray,19500,345
2008,Toyota,Tundra,SR5,Truck,Not Specified,Not Specified,Good,Good,4-Wheel Drive,Not Specified,Not Specified,Automatic,Not Specified,8,Not Specified,Not Specified,Not Specified,221000,5TFDV541X8X081787,Clean Title,Blue,Black,11000,215
2009,Toyota,Corolla,XLE,Sedan,Not Specified,Not Specified,Very Good,Excellent,FWD,Not Specified,Not Specified,Not Specified,1.8L,4,Gasoline,4,5,152240,1NXBU40E89Z077331,Clean Title,White,Gray,8250,475
2018,Toyota,Tacoma,SR5,Truck,Not Specified,Not Specified,Very Good,Very Good,4-Wheel Drive,Not Specified,Not Specified,Automatic,3.5L,6,Gasoline,4,Not Specified,67000,5TFSZ5AN1JX146311,Clean Title,White,Gray,29500,380
2004,Toyota,Tundra,Not Specified,Truck,Not Specified,Not Specified,Very Good,Very Good,2-Wheel Drive,Not Specified,Not Specified,Manual,3.4L,6,Gasoline,4,Not Specified,201000,5TBRN34174S448454,Clean Title,Gold,Beige,7400,159
2015,Toyota,Avalon,XLE Touring,Sedan,Not Specified,Not Specified,Very Good,Very Good,FWD,Not Specified,Not Specified,Automatic,3.5L,6,Gasoline,4,Not Specified,110000,4T1BK1EB3FU166545,Rebuilt/Reconstructed Title,Other,Tan,12499,373
2015,Toyota,Highlander,Limited Platinum,SUV,Not Specified,Not Specified,Excellent,Very Good,AWD,Not Specified,Not Specified,Automatic,Not Specified,6,Gasoline,4,Not Specified,52116,5TDDKRFH1FS143784,Clean Title,White,Tan,32000,321
2008,Toyota,Highlander,Limited,Sport Utility,Not Specified,Not Specified,Good,Good,AWD,Not Specified,Not Specified,Automatic,3.5L,6,Gasoline,4,7,144584,JTEES42A082088993,Clean Title,Gray,Gray,9900,143
2019,Toyota,Yaris,Not Specified,Sedan,Not Specified,Not Specified,Not Specified,Not Specified,Not Specified,Not Specified,Not Specified,Not Specified,Not Specified,4,Not Specified,Not Specified,Not Specified,60000,3MYDLBYV4KY508857,Rebuilt/Reconstructed Title,Silver,Not Specified,10000,1932
2014,Toyota,Tacoma,PreRunner V6,Truck,Not Specified,Not Specified,Good,Good,2-Wheel Drive,Not Specified,Not Specified,Automatic,4.0L,6,Gasoline,4,Not Specified,123000,3TMJU4GN0EM171210,Clean Title,Silver,Gray,24500,341
2020,Toyota,Camry Hybrid,SE,Sedan,Not Specified,Not Specified,Very Good,Very Good,FWD,Not Specified,Not Specified,Automatic,2.5L,4,Hybrid,4,5,79330,4T1G31AK7LU011453,Clean Title,Red,Gray,19000,156
2002,Toyota,Tacoma,SR5 V6,Truck,Not Specified,Not Specified,Fair,Fair,4-Wheel Drive,Not Specified,Not Specified,Manual,3.4L,6,Gasoline,2,Not Specified,203000,5TEWN72N02Z063700,Clean Title,Silver,Gray,4900,893
1997,Toyota,Tacoma,SR5,Truck,Not Specified,Not Specified,Fair,Good,4-Wheel Drive,Not Specified,Not Specified,Manual,3.4L,6,Gasoline,2,Not Specified,283100,4TAWN72N3VZ275082,Clean Title,White,Gray,9800,243
2014,Toyota,Corolla,S Plus,Sedan,Not Specified,Not Specified,Very Good,Very Good,FWD,Not Specified,Not Specified,Automatic,1.8L,4,Gasoline,4,5,110000,5YFBURHEXEP114425,Rebuilt/Reconstructed Title,Silver,Black,11550,226
2004,Toyota,Camry,LE,Sedan,Not Specified,Not Specified,Fair,Good,FWD,Not Specified,Not Specified,Automatic,Not Specified,4,Gasoline,4,Not Specified,244342,4T1BE32K34U366118,Clean Title,Green,Tan,3500,0
2013,Toyota,Avalon,Hybrid XLE,Sedan,Not Specified,Not Specified,Not Specified,Not Specified,FWD,Not Specified,Not Specified,Not Specified,2.5L,4,Hybrid,4,5,92500,4T1BD1EB1DU013007,Clean Title,White,Beige,15850,300
2019,Toyota,Tacoma,TRD Off Road,Truck,Not Specified,Not Specified,Very Good,Excellent,4-Wheel Drive,Not Specified,Not Specified,Automatic,Not Specified,6,Gasoline,4,Not Specified,100000,3TMCZ5ANXKM245561,Rebuilt/Reconstructed Title,White,Black,30000,184
2006,Toyota,Highlander,Hybrid Limited,SUV,Not Specified,Not Specified,Good,Good,FWD,Not Specified,Not Specified,Automatic,Not Specified,Not Specified,Hybrid,4,Not Specified,246000,JTEDW21A360010884,Clean Title,Silver,Beige,5999,52
2006,Toyota,Highlander,Base,SUV,Not Specified,Not Specified,Good,Good,AWD,Not Specified,Not Specified,Automatic,3.3L,6,Gasoline,4,7,202065,JTEEP21A560149769,Clean Title,Red,Tan,6000,803
2000,Toyota,Tacoma,SR5,Truck,Not Specified,Not Specified,Good,Very Good,4-Wheel Drive,Not Specified,Not Specified,Manual,Not Specified,6,Gasoline,2,Not Specified,285000,4TAWN72N6YZ612039,Clean Title,White,Tan,8800,297
2009,Toyota,Highlander,Hybrid Limited,SUV,Not Specified,Not Specified,Not Specified,Not Specified,AWD,Not Specified,Not Specified,Not Specified,Not Specified,6,Gasoline,Not Specified,Not Specified,157000,JTEEW44A492027388,Clean Title,White,Gray,11000,265
2011,Toyota,4Runner,SR5 Premium,Sport Utility,Not Specified,Not Specified,Very Good,Excellent,4-Wheel Drive,Not Specified,Not Specified,Automatic,4.0L,6,Gasoline,4,5,168400,JTEBU5JR1B5062810,Clean Title,Black,Black,19500,302
2011,Toyota,Camry,SE,Sedan,Not Specified,Not Specified,Very Good,Not Specified,FWD,Not Specified,Not Specified,Automanual,2.5L,4,Gasoline,4,5,217270,4T1BF3EK8BU650821,Clean Title,Silver,Not Specified,5900,349
1973,Toyota,Land Cruiser,Not Specified,SUV,Not Specified,Not Specified,Not Specified,Not Specified,4-Wheel Drive,Not Specified,Not Specified,Automatic,Not Specified,8,Gasoline,2,Not Specified,4846,LNDCR,Clean Title,Not Specified,Not Specified,40000,5009
2010,Toyota,Prius,II,Hatchback,Not Specified,Not Specified,Good,Good,FWD,Not Specified,Not Specified,CVT,1.8L,4,Hybrid,4,5,231000,JTDKN3DU3A1312575,Clean Title,Silver,Gray,3400,388
2022,Toyota,Tacoma,TRD Pro,Truck,Not Specified,Not Specified,Excellent,Excellent,4-Wheel Drive,Not Specified,Not Specified,Manual,Not Specified,6,Gasoline,4,Not Specified,21000,3TYCZ5AN1NT095428,Clean Title,Gray,Black,47900,324
1999,Toyota,Tacoma,SR5,Truck,Not Specified,Not Specified,Very Good,Good,4-Wheel Drive,Not Specified,Not Specified,Automatic,Not Specified,Not Specified,Not Specified,Not Specified,Not Specified,236000,4TAWN72N2XZ462591,Clean Title,White,Blue,10500,827
2015,Toyota,Prius,Five,Hatchback,Not Specified,Not Specified,Very Good,Excellent,FWD,Not Specified,Not Specified,Automatic,1.8L,4,Hybrid,4,Not Specified,166000,JTDKN3DUXF1984155,Clean Title,Red,Gray,11500,303
2022,Toyota,Corolla Hatchback,SE Nightshade Edition,Hatchback,Not Specified,Not Specified,Excellent,Excellent,2-Wheel Drive,Not Specified,Not Specified,CVT,2.0L,4,Gasoline,4,Not Specified,43905,JTND4MBE0N3157079,Clean Title,Silver,Not Specified,22200,42
2010,Toyota,Yaris,Base,Sedan,Not Specified,Not Specified,Very Good,Very Good,FWD,Not Specified,Not Specified,Automatic,1.5L,4,Gasoline,4,5,200850,JTDBT4K34A1352606,Rebuilt/Reconstructed Title,White,Gray,4300,99
2007,Toyota,FJ Cruiser,Not Specified,SUV,Not Specified,Not Specified,Fair,Fair,Not Specified,Not Specified,Not Specified,Not Specified,Not Specified,6,Not Specified,2,Not Specified,180000,JTEBU11F570074526,Clean Title,Silver,Not Specified,12000,292
2010,Toyota,Corolla,S,Sedan,Not Specified,Not Specified,Excellent,Excellent,FWD,Not Specified,Not Specified,Not Specified,1.8L,4,Gasoline,4,5,107913,2T1BU4EE0AC416341,Clean Title,White,Black,9500,417
1997,Toyota,Tacoma,Not Specified,Truck,Not Specified,Not Specified,Excellent,Excellent,2-Wheel Drive,Not Specified,Not Specified,Automatic,2.4L,4,Gasoline,2,Not Specified,148952,4TAVL52N5VZ270987,Clean Title,White,Gray,8000,383
2021,Toyota,Highlander,Hybrid Limited Platinum,SUV,Not Specified,Not Specified,Excellent,Excellent,AWD,Not Specified,Not Specified,Automatic,3.5L,4,Gasoline,4,Not Specified,45000,5TDEBRCH7MS051939,Clean Title,Gray,Black,41939,120
2010,Toyota,Tundra,Limited,Truck,Crew Cab,Standard Shortbed,Excellent,Excellent,4-Wheel Drive,Not Specified,Not Specified,Not Specified,5.7L,8,Flex Fuel,4,5,192529,5TFHW5F14AX121413,Clean Title,Red,Not Specified,18500,832
2020,Toyota,Corolla,SE,Sedan,Not Specified,Not Specified,Good,Excellent,2-Wheel Drive,Not Specified,Not Specified,Manual,Not Specified,4,Gasoline,4,Not Specified,67000,JTDM4RCE1LJ017082,Clean Title,Blue,Black,17900,91
2001,Toyota,Corolla,LE,Sedan,Not Specified,Not Specified,Fair,Excellent,FWD,Not Specified,Not Specified,Automatic,Not Specified,4,Gasoline,4,Not Specified,190000,1NXBR12E11Z535583,Clean Title,White,Gray,2900,362
2008,Toyota,Prius,Base,Hatchback,Not Specified,Not Specified,Very Good,Very Good,FWD,Not Specified,Not Specified,Automatic,1.5L,4,Hybrid,4,5,149821,JTDKB20U183456035,Clean Title,White,Beige,7400,892
2016,Toyota,Tundra,TRD Pro,Truck,Not Specified,Not Specified,Excellent,Excellent,4-Wheel Drive,Not Specified,Not Specified,Automatic,Not Specified,8,Not Specified,4,Not Specified,49100,5TFUW5F18GX533695,Clean Title,Silver,Gray,35500,287
2003,Toyota,Highlander,Not Specified,SUV,Not Specified,Not Specified,Excellent,Very Good,4-Wheel Drive,Not Specified,Not Specified,Automatic,Not Specified,6,Gasoline,4,Not Specified,279000,JTEHF21A730107874,Clean Title,White,Brown,3600,90
2000,Toyota,4Runner,Limited,SUV,Not Specified,Not Specified,Fair,Fair,4-Wheel Drive,Not Specified,Not Specified,Automatic,Not Specified,6,Gasoline,4,Not Specified,317000,JT3HN87RXY0273910,Clean Title,White,Not Specified,2700,886
2018,Toyota,Tacoma,TRD Off Road,Truck,Not Specified,Not Specified,Very Good,Very Good,4-Wheel Drive,Not Specified,Not Specified,Manual,Not Specified,6,Gasoline,4,Not Specified,49200,5TFCZ5AN0JX160477,Clean Title,White,Not Specified,35000,727
2014,Toyota,Sequoia,Limited,SUV,Not Specified,Not Specified,Very Good,Very Good,4-Wheel Drive,Not Specified,Not Specified,Automatic,5.7L,8,Flex Fuel,4,Not Specified,159000,5TDJW5G14ES101769,Clean Title,White,Gray,21950,195
2015,Toyota,Tacoma,PreRunner V6,Truck,Crew Cab,Shortbed,Excellent,Excellent,2-Wheel Drive,Not Specified,Not Specified,Automatic,4.0L,6,Gasoline,4,5,73500,5TFJU4GN9FX074258,Clean Title,Silver,Gray,29995,257
2002,Toyota,Avalon,XL,Sedan,Not Specified,Not Specified,Not Specified,Not Specified,FWD,Not Specified,Not Specified,Not Specified,Not Specified,6,Gasoline,4,Not Specified,197700,4T1BF28B82U211205,Clean Title,Gray,Gray,3000,142
1998,Toyota,4Runner,Limited,SUV,Not Specified,Not Specified,Very Good,Excellent,4-Wheel Drive,Not Specified,Not Specified,Automatic,3.4L,6,Gasoline,4,Not Specified,226000,JT3HN87R9W0174573,Clean Title,White,Tan,14500,825
2007,Toyota,RAV4,Not Specified,SUV,Not Specified,Not Specified,Not Specified,Not Specified,Not Specified,Not Specified,Not Specified,Automatic,Not Specified,6,Not Specified,Not Specified,Not Specified,248000,JTMBK35V475021360,Clean Title,Red,Not Specified,5500,88
2017,Toyota,Tacoma,TRD Off Road,Truck,Not Specified,Not Specified,Good,Very Good,4-Wheel Drive,Not Specified,Not Specified,Automatic,3.5L,6,Gasoline,4,Not Specified,98500,3TMCZ5AN1HM108615,Clean Title,Silver,Black,30000,363
2010,Toyota,Corolla,S,Sedan,Not Specified,Not Specified,Very Good,Excellent,FWD,Not Specified,Not Specified,Automatic,2.4L,4,Gasoline,4,Not Specified,133000,2T1BU4EE4AC456373,Clean Title,Gray,Gray,8200,176
2020,Toyota,Avalon,Hybrid XSE,Sedan,Not Specified,Not Specified,Excellent,Excellent,Not Specified,Not Specified,Not Specified,Automatic,Not Specified,4,Not Specified,4,Not Specified,30000,4T1E21FB7LU016669,Clean Title,Silver,Not Specified,29500,55
2005,Toyota,Camry,LE,Sedan,Not Specified,Not Specified,Fair,Fair,FWD,Not Specified,Not Specified,Automatic,2.4L,4,Gasoline,4,5,217500,4T1BE32K65U967671,Clean Title,Silver,Gray,3500,179
2006,Toyota,RAV4,LE,Sport Utility,Not Specified,Not Specified,Very Good,Excellent,4-Wheel Drive,Not Specified,Not Specified,Automatic,2.4L,4,Gasoline,4,5,121900,JTMBD31V265034574,Clean Title,White,Gray,7950,229
2008,Toyota,Avalon,Touring,Sedan,Not Specified,Not Specified,Good,Very Good,FWD,Not Specified,Not Specified,Automatic,3.5L,6,Gasoline,4,5,226900,4T1BK36B28U300104,Clean Title,Silver,Gray,4900,96
2023,Toyota,Tacoma,TRD Sport,Truck,Crew Cab,Shortbed,Excellent,Excellent,4-Wheel Drive,Not Specified,Not Specified,Automatic,3.5L,6,Gasoline,4,5,3500,3TMCZ5AN6PM597768,Clean Title,White,Black,43900,168
2000,Toyota,Land Cruiser,SR5,SUV,Not Specified,Not Specified,Good,Good,4-Wheel Drive,Not Specified,Not Specified,Automatic,4.7L,8,Gasoline,4,Not Specified,218000,JT3HT05J5Y0117889,Rebuilt/Reconstructed Title,White,Not Specified,12900,289
2022,Toyota,Tacoma,Not Specified,Truck,Not Specified,Not Specified,Excellent,Excellent,4-Wheel Drive,Not Specified,Not Specified,Automatic,Not Specified,Not Specified,Gasoline,4,Not Specified,3720,3TYCZ5AN3NT064715,Clean Title,Gray,Black,57000,106
2013,Toyota,Corolla,LE,Sedan,Not Specified,Not Specified,Fair,Fair,FWD,Not Specified,Not Specified,Not Specified,1.8L,4,Gasoline,4,5,16500,5YFBU4EE6DP172702,Clean Title,Silver,Gray,8500,0
2006,Toyota,Sienna,CE 7 Passenger,Minivan,Regular Cab,Shortbed,Good,Very Good,FWD,Not Specified,Not Specified,Automatic,3.3L,6,Gasoline,4,7,250000,5TDZA23C56S497736,Clean Title,Gold,Gray,2500,210
1970,Toyota,FJ Cruiser,Not Specified,Truck,Not Specified,Not Specified,Not Specified,Not Specified,Not Specified,Not Specified,Not Specified,Not Specified,Not Specified,Not Specified,Not Specified,2,Not Specified,0,FJ40,Clean Title,Not Specified,Not Specified,5800,678
2023,Toyota,GR86,Premium,Coupe,Not Specified,Not Specified,Excellent,Excellent,RWD,Not Specified,Not Specified,Manual,2.4L,4,Gasoline,2,Not Specified,10000,JF1ZNBE15P9761690,Clean Title,Silver,Black,35000,243
2017,Toyota,Corolla,SE,Sedan,Not Specified,Not Specified,Excellent,Excellent,FWD,Not Specified,Not Specified,Automatic,Not Specified,4,Gasoline,Not Specified,Not Specified,62000,2T1BURHE9HC888573,Rebuilt/Reconstructed Title,Gray,Black,10999,1224
2005,Toyota,Sienna,Not Specified,Van,Not Specified,Not Specified,Good,Good,FWD,Not Specified,Not Specified,Automatic,Not Specified,6,Gasoline,4,Not Specified,194100,5TDZA23C75S353880,Clean Title,Gray,Gray,4200,70
2009,Toyota,RAV4,Sport,SUV,Not Specified,Not Specified,Very Good,Very Good,4-Wheel Drive,Not Specified,Not Specified,Not Specified,2.5L,4,Gasoline,4,5,123100,2T3RF4DV4AW033776,Clean Title,Gray,Black,9500,396
2014,Toyota,Tundra,Limited,Truck,Crew Cab,Shortbed,Excellent,Excellent,4-Wheel Drive,Not Specified,Not Specified,Automatic,5.7L,8,Flex Fuel,4,5,166560,5TFHW5F14EX353581,Clean Title,White,Gray,28900,225
2013,Toyota,Corolla,S,Sedan,Not Specified,Not Specified,Excellent,Excellent,2-Wheel Drive,Not Specified,Not Specified,Automatic,Not Specified,Not Specified,Gasoline,4,Not Specified,131000,5YFBU4EE7DP092745,Clean Title,Silver,Black,9999,533
2007,Toyota,Highlander,Limited,SUV,Not Specified,Not Specified,Very Good,Very Good,AWD,Not Specified,Not Specified,Automatic,3.0L,6,Gasoline,4,Not Specified,166000,JTEEP21A570226917,Clean Title,Gold,Creme,8000,61
2003,Toyota,Tacoma,SR5,Truck,Not Specified,Not Specified,Good,Good,4-Wheel Drive,Not Specified,Not Specified,Automatic,2.7L,4,Gasoline,2,Not Specified,235000,5TEWM72N23Z230157,Clean Title,Silver,Gray,14000,298
2018,Toyota,RAV4,LE,Sport Utility,Regular Cab,Standard Shortbed,Very Good,Excellent,AWD,Not Specified,Not Specified,Automanual,2.5L,4,Gasoline,4,5,92373,JTMZFREV6JJ169577,Clean Title,White,Black,20000,103
2008,Toyota,RAV4,Limited,Sport Utility,Not Specified,Not Specified,Good,Fair,4-Wheel Drive,Not Specified,Not Specified,Not Specified,3.5L,6,Gasoline,4,5,161363,JTMBK34V285064288,Rebuilt/Reconstructed Title,White,Beige,5500,172
2008,Toyota,Tundra,Base,Truck,Not Specified,Not Specified,Very Good,Very Good,AWD,Not Specified,Not Specified,Automatic,5.7L,8,Gasoline,4,Not Specified,130000,5TBBV54158S502837,Rebuilt/Reconstructed Title,Gray,Gray,13500,680
1998,Toyota,Camry,LE,Sedan,Not Specified,Not Specified,Very Good,Very Good,FWD,Not Specified,Not Specified,Not Specified,2.2L,4,Gasoline,4,5,244637,JT2BG22K7W0154477,Clean Title,White,Gray,2000,279
2006,Toyota,Tacoma,SR5,Truck,Not Specified,Not Specified,Fair,Fair,4-Wheel Drive,Not Specified,Not Specified,Automatic,Not Specified,6,Gasoline,4,Not Specified,266000,5TELU42N06Z238229,Clean Title,Silver,Gray,12000,254
2007,Toyota,Tundra,SR5,Truck,Crew Cab,Standard Shortbed,Fair,Fair,2-Wheel Drive,Not Specified,Not Specified,Not Specified,5.7L,8,Gasoline,4,6,315000,5TFBV54187X006995,Clean Title,Bronze,Black,5800,190
2013,Toyota,RAV4,Limited,Sport Utility,Not Specified,Not Specified,Very Good,Excellent,AWD,Not Specified,Not Specified,Not Specified,2.5L,4,Gasoline,4,5,193900,2T3DFREV2DW096076,Clean Title,White,Black,9750,230
2015,Toyota,Tundra,SR5,Truck,Not Specified,Not Specified,Excellent,Excellent,4-Wheel Drive,Not Specified,Not Specified,Automatic,5.7L,8,Gasoline,4,Not Specified,117000,5TFDW5F13FX418680,Rebuilt/Reconstructed Title,Silver,Black,21990,288
2006,Toyota,Tundra,Limited V8,Truck,Not Specified,Not Specified,Good,Good,4-Wheel Drive,Not Specified,Not Specified,Automatic,4.7L,8,Gasoline,4,Not Specified,116000,5TBDT48176S505500,Clean Title,Gray,Gray,18000,1303
2010,Toyota,Venza,AWD V6,Wagon,Not Specified,Not Specified,Very Good,Excellent,AWD,Not Specified,Not Specified,Not Specified,3.5L,6,Gasoline,4,5,137865,4T3BK3BB5AU029297,Not Specified,Black,Beige,13000,55
2004,Toyota,Camry,LE,Sedan,Regular Cab,Not Specified,Good,Good,FWD,Not Specified,Not Specified,Not Specified,2.4L,4,Gasoline,4,5,166149,JTDBE32K940256301,Clean Title,Silver,Not Specified,3500,165
2015,Toyota,Sienna,XLE 8-Passenger,Minivan,Not Specified,Not Specified,Good,Very Good,FWD,Not Specified,Not Specified,Not Specified,3.5L,6,Gasoline,4,8,121000,5TDYK3DC7FS636438,Clean Title,Blue,Gray,16700,410
2022,Toyota,Camry,LE,Sedan,Not Specified,Not Specified,Very Good,Very Good,AWD,Not Specified,Not Specified,Automatic,2.5L,4,Not Specified,4,Not Specified,27851,4T1C11BK1NU067622,Clean Title,Silver,Gray,24000,253
2018,Toyota,Highlander,Hybrid LE,SUV,Not Specified,Not Specified,Very Good,Good,AWD,Not Specified,Not Specified,CVT,3.5L,6,Hybrid,4,Not Specified,125000,5TDBGRFH9JS038654,Clean Title,Black,Gray,20999,352
2016,Toyota,Corolla,Not Specified,Sedan,Not Specified,Not Specified,Not Specified,Not Specified,Not Specified,Not Specified,Not Specified,Not Specified,Not Specified,4,Not Specified,4,Not Specified,71800,5YFBURHE7GP505342,Clean Title,Not Specified,Not Specified,11500,327
2013,Toyota,RAV4 EV,Base,SUV,Not Specified,Not Specified,Good,Very Good,FWD,Not Specified,Not Specified,Not Specified,0.0L,Not Specified,Electric,4,5,113000,2T3YL4DV5DW001976,Clean Title,White,Gray,13500,272
2023,Toyota,GR86,Premium,Coupe,Not Specified,Not Specified,Excellent,Excellent,RWD,Not Specified,Not Specified,Manual,2.4L,4,Gasoline,2,4,8089,JF1ZNBE10P9752153,Clean Title,Blue,Black,32400,489
2019,Toyota,Camry,Not Specified,Sedan,Not Specified,Not Specified,Excellent,Excellent,Not Specified,Not Specified,Not Specified,Not Specified,Not Specified,4,Not Specified,4,Not Specified,49605,4T1B11HK0KU290569,Clean Title,Black,Black,26000,76
2022,Toyota,Venza,LE,Wagon,Not Specified,Not Specified,Good,Excellent,AWD,Not Specified,Not Specified,Not Specified,2.5L,4,Hybrid,4,5,31000,JTEAAAAH7NJ103277,Clean Title,Red,Black,31900,54
2021,Toyota,4Runner,SR5 Sport,SUV,Not Specified,Not Specified,Excellent,Excellent,4-Wheel Drive,Not Specified,Not Specified,Automatic,Not Specified,6,Gasoline,Not Specified,Not Specified,26900,JTENU5JR1M5859929,Rebuilt/Reconstructed Title,Gray,Gray,33250,93
2012,Toyota,Tacoma,Base,Truck,Not Specified,Not Specified,Very Good,Very Good,4-Wheel Drive,Not Specified,Not Specified,Automatic,Not Specified,Not Specified,Gasoline,4,Not Specified,142000,3TMMU4FN8CM047505,Clean Title,White,Gray,19500,195
2007,Toyota,Sienna,Not Specified,Minivan,Not Specified,Not Specified,Very Good,Very Good,2-Wheel Drive,Not Specified,Not Specified,Automatic,3.5L,6,Gasoline,4,7,189000,5TDZK23C67S069981,Clean Title,Gray,Gray,4200,953
2000,Toyota,Tacoma,TRD Off Road,Truck,Not Specified,Not Specified,Good,Very Good,4-Wheel Drive,Not Specified,Not Specified,Automatic,Not Specified,6,Gasoline,2,Not Specified,208000,4TAWN72N2YZ654093,Clean Title,Red,Tan,12000,290
2022,Toyota,4Runner,TRD Off Road Premium,SUV,Not Specified,Not Specified,Excellent,Excellent,4-Wheel Drive,Not Specified,Not Specified,Automatic,4.0L,6,Gasoline,4,Not Specified,37500,JTERU5JR7N6063683,Clean Title,Silver,Black,39500,473
2018,Toyota,Highlander,XLE,SUV,Not Specified,Not Specified,Excellent,Excellent,AWD,Not Specified,Not Specified,Not Specified,3.5L,6,Gasoline,4,7,50000,5TDJZRFH3JS837738,Clean Title,Gray,Gray,29500,250
2006,Toyota,Sequoia,SR5,Sport Utility,Not Specified,Not Specified,Excellent,Excellent,RWD,Not Specified,Not Specified,Automatic,4.7L,8,Gasoline,4,7,218000,5TDZT34A26S267861,Clean Title,Silver,Gray,6800,208
2005,Toyota,Highlander,Base,SUV,Not Specified,Not Specified,Not Specified,Not Specified,Not Specified,Not Specified,Not Specified,Automatic,Not Specified,6,Not Specified,Not Specified,Not Specified,240000,JTEEP21A850086990,Clean Title,Not Specified,Not Specified,3500,466
2011,Toyota,Tundra,Not Specified,Truck,Not Specified,Not Specified,Very Good,Very Good,4-Wheel Drive,Not Specified,Not Specified,Not Specified,5.7L,8,Gasoline,4,Not Specified,222000,5TFDY5F19BX187028,Clean Title,Gray,Not Specified,13500,271
2006,Toyota,Camry,LE,Sedan,Not Specified,Not Specified,Fair,Good,FWD,Not Specified,Not Specified,Automatic,Not Specified,4,Gasoline,4,Not Specified,182000,4T1BE32K86U139171,Clean Title,Silver,Creme,3400,809
2015,Toyota,Corolla,S Plus,Sedan,Not Specified,Not Specified,Good,Good,FWD,Not Specified,Not Specified,Automatic,1.8L,4,Gasoline,4,5,97000,5YFBURHE7FP362388,Clean Title,White,Black,11100,129
2001,Toyota,Tundra,Not Specified,Truck,Not Specified,Not Specified,Fair,Fair,4-Wheel Drive,Not Specified,Not Specified,Automatic,4.7L,8,Not Specified,Not Specified,Not Specified,312250,5TBBT441X1S162008,Clean Title,Silver,Not Specified,4900,302
2022,Toyota,4Runner,5R5,SUV,Not Specified,Not Specified,Excellent,Excellent,4-Wheel Drive,Not Specified,Not Specified,Automatic,4.0L,6,Gasoline,4,Not Specified,34249,JTEMU5JR9N5993360,Clean Title,Black,Black,35990,1331
2002,Toyota,Tacoma,SR5,Truck,Not Specified,Not Specified,Very Good,Very Good,4-Wheel Drive,Not Specified,Not Specified,Automatic,3.6L,6,Gasoline,2,Not Specified,227000,5TEWN72NX2Z034480,Clean Title,Gray,Gray,13500,735
1994,Toyota,Pickup,Not Specified,Truck,Not Specified,Not Specified,Excellent,Excellent,2-Wheel Drive,Not Specified,Not Specified,Not Specified,Not Specified,4,Not Specified,2,Not Specified,250000,4TARN81AXRZ205215,Clean Title,White,Blue,7500,235
2005,Toyota,Highlander,LE,SUV,Not Specified,Not Specified,Good,Fair,FWD,Not Specified,Not Specified,Automatic,Not Specified,6,Gasoline,4,Not Specified,252000,JTEGP21A450079947,Clean Title,White,Not Specified,3200,78
2007,Toyota,Corolla,CE,Sedan,Not Specified,Not Specified,Very Good,Very Good,2-Wheel Drive,Not Specified,Not Specified,Manual,1.8L,4,Gasoline,4,Not Specified,299332,1NXBR32E07Z801051,Clean Title,Silver,Gray,3750,119
2016,Toyota,Tacoma,TRD Off Road,Truck,Not Specified,Not Specified,Very Good,Excellent,4-Wheel Drive,Not Specified,Not Specified,Automatic,Not Specified,6,Gasoline,4,Not Specified,119100,3TMCZ5AN7GM035880,Clean Title,Silver,Gray,38000,46
2023,Toyota,Camry,SE Sport,Sedan,Not Specified,Not Specified,Excellent,Excellent,AWD,Not Specified,Not Specified,Automatic,2.5L,6,Gasoline,4,Not Specified,16050,4T1G11BK9PU098024,Clean Title,Black,Gray,38000,38
2006,Toyota,4Runner,Limited,Truck,Not Specified,Not Specified,Fair,Good,4-Wheel Drive,Not Specified,Not Specified,Automatic,4.7L,8,Gasoline,4,5,227868,JTEBT17R368034238,Clean Title,Gray,Gray,5500,894
2015,Toyota,Tacoma,Not Specified,Truck,Not Specified,Not Specified,Very Good,Excellent,2-Wheel Drive,Not Specified,Not Specified,Manual,Not Specified,4,Gasoline,4,Not Specified,130000,5TFTX4CNXFX049844,Clean Title,Gray,Gray,16500,381
2016,Toyota,Tacoma,SR,Truck,Not Specified,Not Specified,Good,Excellent,4-Wheel Drive,Not Specified,Not Specified,Automatic,3.5L,6,Gasoline,4,Not Specified,157000,3TMCZ5AN4GM005770,Clean Title,White,Gray,29999,0
2023,Toyota,Sienna,Limited,Minivan,Not Specified,Not Specified,Excellent,Excellent,AWD,Not Specified,Not Specified,Automatic,2.5L,4,Not Specified,4,Not Specified,6854,5TDZSKFC0PS101299,Clean Title,Silver,Gray,57900,120
2014,Toyota,Camry,Not Specified,Sedan,Not Specified,Not Specified,Not Specified,Not Specified,Not Specified,Not Specified,Not Specified,Not Specified,Not Specified,Not Specified,Not Specified,4,Not Specified,175000,4T1BF1FK1EU397123,Clean Title,Gray,Black,7500,468
2015,Toyota,Sienna,Limited Premium 7-Passenger,Minivan,Not Specified,Not Specified,Good,Good,AWD,Not Specified,Not Specified,Automatic,3.5L,6,Gasoline,4,7,113533,5TDDK3DC7FS096037,Rebuilt/Reconstructed Title,Blue,Gray,15800,1149
2020,Toyota,Tacoma,TRD Off-Road,Truck,Not Specified,Not Specified,Excellent,Excellent,4-Wheel Drive,Not Specified,Not Specified,Automatic,3.5L,4,Gasoline,4,Not Specified,52000,3TMCZ5AN7LM331668,Clean Title,White,Not Specified,40000,76
2022,Toyota,4Runner,TRD Off-Road Premium,SUV,Not Specified,Not Specified,Excellent,Excellent,4-Wheel Drive,Not Specified,Not Specified,Not Specified,4.0L,6,Gasoline,4,5,25279,JTERU5JR2N6034690,Clean Title,Black,Black,40000,403
2019,Toyota,Camry,SE,Sedan,Not Specified,Not Specified,Very Good,Very Good,2-Wheel Drive,Not Specified,Not Specified,Automatic,Not Specified,4,Gasoline,4,Not Specified,82300,4T1B11HK2KU254947,Clean Title,Silver,Black,19000,0
2022,Toyota,Tundra,TRD Pro,Truck,Not Specified,Not Specified,Excellent,Excellent,4-Wheel Drive,Not Specified,Not Specified,Automatic,3.5L,6,Hybrid,4,Not Specified,32000,5TFPC5DB8NX002849,Clean Title,Orange,Black,67369,126
2010,Toyota,Camry,XLE,Sedan,Not Specified,Not Specified,Very Good,Very Good,FWD,Not Specified,Not Specified,Automatic,2.4L,4,Gasoline,4,Not Specified,98000,4T4BF3EKXAR008377,Not Specified,Gold,Beige,6999,839
2021,Toyota,GR Supra,A91 Edition,Coupe,Not Specified,Not Specified,Not Specified,Excellent,RWD,Not Specified,Not Specified,Not Specified,Not Specified,6,Gasoline,2,Not Specified,42056,WZ1DB0C08MW036689,Clean Title,Blue,Black,45500,146
1999,Toyota,Land Cruiser,Base,SUV,Not Specified,Not Specified,Good,Good,4-Wheel Drive,Not Specified,Not Specified,Automatic,4.7L,8,Gasoline,4,7,228000,JT3HT05JXX0054576,Clean Title,Silver,Beige,10800,691
2000,Toyota,Camry,LE,Sedan,Not Specified,Not Specified,Very Good,Very Good,FWD,Not Specified,Not Specified,Automatic,2.2L,4,Gasoline,4,5,162685,JT2BG28K7Y0527124,Clean Title,White,Tan,4500,97
2019,Toyota,Camry,XSE V6,Sedan,Not Specified,Not Specified,Very Good,Excellent,FWD,Not Specified,Not Specified,Automatic,3.5L,6,Gasoline,4,5,45171,4T1BZ1HK7KU028718,Clean Title,White,Black,28000,165
2023,Toyota,4Runner,TRD Off Road Premium,SUV,Not Specified,Not Specified,Excellent,Excellent,4-Wheel Drive,Not Specified,Not Specified,Automanual,Not Specified,6,Gasoline,4,Not Specified,5000,JTERU5JR1P6164544,Clean Title,Gray,Black,45999,489
2023,Toyota,Tacoma,Not Specified,Truck,Not Specified,Not Specified,Good,Very Good,4-Wheel Drive,Not Specified,Not Specified,Automatic,3.5L,6,Gasoline,4,Not Specified,30000,3TMDZ5BN5PM148133,Clean Title,Other,Black,44000,218
1977,Toyota,Pickup,Not Specified,Truck,Not Specified,Not Specified,Poor,Poor,RWD,Not Specified,Not Specified,Manual,2.0L,4,Gasoline,2,Not Specified,185000,RN28077312,Clean Title,Blue,Gray,500,12666
2002,Toyota,Sienna,LE 7-Passenger,Minivan,Not Specified,Not Specified,Very Good,Very Good,FWD,Not Specified,Not Specified,Automatic,3.0L,6,Gasoline,4,7,316000,4T3ZF13C724434254,Clean Title,White,Gray,3000,0
2012,Toyota,Tacoma,Not Specified,Truck,Not Specified,Not Specified,Good,Very Good,Not Specified,Not Specified,Not Specified,Not Specified,Not Specified,Not Specified,Not Specified,4,Not Specified,145700,3TMMU4FNXCM048509,Clean Title,Gray,Not Specified,21000,99
2006,Toyota,4Runner,SR5,Sport Utility,Regular Cab,Not Specified,Good,Very Good,4-Wheel Drive,Not Specified,Not Specified,Automatic,4.7L,8,Gasoline,4,5,190000,JTEBT14R068033035,Clean Title,Black,Gray,8000,877
2012,Toyota,Camry Hybrid,XLE,Sedan,Not Specified,Not Specified,Fair,Good,Not Specified,Not Specified,Not Specified,Not Specified,Not Specified,Not Specified,Not Specified,Not Specified,Not Specified,183500,4T1BD1FK8CU053260,Clean Title,Silver,Gray,7000,107
2015,Toyota,Tacoma,Not Specified,Truck,Not Specified,Not Specified,Not Specified,Not Specified,4-Wheel Drive,Not Specified,Not Specified,Automatic,Not Specified,6,Not Specified,4,Not Specified,118400,3TMMU4FN8FM084364,Clean Title,Gray,Gray,26500,136
2015,Toyota,Tacoma,TRD Sport,Truck,Not Specified,Not Specified,Excellent,Excellent,4-Wheel Drive,Not Specified,Not Specified,Automatic,4.0L,6,Gasoline,4,Not Specified,105000,3TMLU4EN1FM170094,Clean Title,White,Gray,31000,9903
2018,Toyota,Tacoma,TRD Off-Road,Truck,Not Specified,Not Specified,Excellent,Excellent,Not Specified,Not Specified,Not Specified,Automatic,Not Specified,6,Not Specified,4,Not Specified,90000,3TMCZ5AN6JM180948,Clean Title,Green,Black,32000,661
2019,Toyota,Camry,XSE,Sedan,Not Specified,Not Specified,Excellent,Excellent,Not Specified,Not Specified,Not Specified,Automatic,Not Specified,4,Gasoline,4,Not Specified,50300,4T1B61HK2KU297329,Clean Title,White,Black,28500,135
1998,Toyota,Tacoma,Base,Truck,Regular Cab,Shortbed,Good,Good,4-Wheel Drive,Not Specified,Not Specified,Automatic,2.7L,4,Gasoline,2,3,255000,19UUA56631A032591,Clean Title,White,Gray,6900,168
2012,Toyota,Prius,Two,Hatchback,Not Specified,Not Specified,Very Good,Very Good,FWD,Not Specified,Not Specified,Automatic,1.8L,4,Hybrid,4,5,209103,JTDKN3DU7C5516758,Clean Title,White,Gray,6950,67
2023,Toyota,Highlander,XLE,Sport Utility,Not Specified,Not Specified,Excellent,Excellent,AWD,Not Specified,Not Specified,Automatic,2.4L,4,Gasoline,4,7,34000,5TDKDRBH8PS007418,Clean Title,White,Black,39000,137
2013,Toyota,Highlander,Not Specified,Truck,Not Specified,Not Specified,Very Good,Very Good,Not Specified,Not Specified,Not Specified,Not Specified,Not Specified,6,Not Specified,Not Specified,Not Specified,142163,5TDZK3EH6DS093854,Clean Title,White,Creme,14000,408
2019,Toyota,Corolla,LE ECO,Sedan,Not Specified,Not Specified,Very Good,Very Good,FWD,Not Specified,Not Specified,Automatic,Not Specified,4,Gasoline,4,Not Specified,117000,5YFBURHEXKP880134,Clean Title,White,Black,12000,471
2021,Toyota,Tacoma,TRD Off-Road,Truck,Crew Cab,Shortbed,Excellent,Excellent,4-Wheel Drive,Not Specified,Not Specified,Not Specified,3.5L,6,Gasoline,4,5,10415,3TMCZ5AN0MM444282,Clean Title,Red,Black,42000,124
2008,Toyota,Avalon,Limited,Sedan,Not Specified,Not Specified,Very Good,Very Good,FWD,Not Specified,Not Specified,Automatic,3.5L,6,Gasoline,4,5,120867,4T1BK36B38U322550,Clean Title,Blue,Gray,6900,164
1998,Toyota,Camry,LE,Sedan,Not Specified,Not Specified,Not Specified,Not Specified,Not Specified,Not Specified,Not Specified,Automatic,Not Specified,4,Gasoline,Not Specified,Not Specified,209471,JT2BG22K4W0220919,Clean Title,Blue,Not Specified,2000,341
2002,Toyota,Tacoma,TRD Off Road,Truck,Not Specified,Not Specified,Good,Good,4-Wheel Drive,Not Specified,Not Specified,Automatic,3.4L,6,Gasoline,4,Not Specified,219000,5TEHN72N82Z040156,Clean Title,White,Not Specified,15000,548
2014,Toyota,Tundra,SR5,Truck,Not Specified,Not Specified,Good,Very Good,4-Wheel Drive,Not Specified,Not Specified,Automatic,4.6L,8,Gasoline,4,Not Specified,55000,5TFUM5F19EX054768,Clean Title,Silver,Gray,35000,144
2000,Toyota,Tacoma,SR5,Truck,Not Specified,Not Specified,Fair,Fair,4-Wheel Drive,Not Specified,Not Specified,Manual,2.7L,4,Gasoline,2,Not Specified,248240,5TEWM72N1YZ692510,Clean Title,Black,Brown,13600,219
1998,Toyota,Camry,LE,Sedan,Not Specified,Not Specified,Fair,Good,FWD,Not Specified,Not Specified,Automatic,Not Specified,4,Gasoline,4,Not Specified,184414,JT2BG22K6W0171562,Clean Title,Not Specified,Red,2000,305
2024,Toyota,Sienna,Woodland Edition,Minivan,Not Specified,Not Specified,Excellent,Excellent,AWD,Not Specified,Not Specified,Automatic,2.5L,4,Hybrid,4,Not Specified,13,5tdcskfc4rs117031,Clean Title,Black,Black,55995,501
1989,Toyota,Pickup,Not Specified,Truck,Not Specified,Not Specified,Fair,Fair,4-Wheel Drive,Not Specified,Not Specified,Automatic,4.3L,6,Gasoline,2,Not Specified,214023,JT4VN13G2K5003588,Clean Title,White,Gray,9000,213
2002,Toyota,Tacoma,Not Specified,Truck,Not Specified,Not Specified,Fair,Very Good,4-Wheel Drive,Not Specified,Not Specified,Not Specified,Not Specified,6,Not Specified,2,Not Specified,258490,5TEWN72N62Z023122,Clean Title,Black,Gray,8500,183
2022,Toyota,Highlander,Hybrid XLE,SUV,Not Specified,Not Specified,Very Good,Very Good,AWD,Not Specified,Not Specified,CVT,Not Specified,4,Hybrid,Not Specified,Not Specified,23000,5TDHBRCHXNS556825,Clean Title,White,Gray,44500,154
2016,Toyota,4Runner,SR5,Compact,Not Specified,Not Specified,Excellent,Excellent,4-Wheel Drive,Not Specified,Not Specified,Automatic,Not Specified,6,Gasoline,Not Specified,Not Specified,112000,JTEBU5JR2G5284831,Rebuilt/Reconstructed Title,White,Beige,28000,80
2001,Toyota,Tundra,SR5,Truck,Not Specified,Not Specified,Good,Good,4-Wheel Drive,Not Specified,Not Specified,Automatic,4.7L,8,Gasoline,4,Not Specified,163000,5TBBT44151S197488,Rebuilt/Reconstructed Title,Beige,Beige,6500,372
1986,Toyota,4Runner,SR5,Truck,Not Specified,Not Specified,Excellent,Excellent,Not Specified,Not Specified,Not Specified,Manual,Not Specified,Not Specified,Not Specified,Not Specified,Not Specified,260000,JT3RN64W0G0014795,Clean Title,Red,Brown,13000,532
2022,Toyota,Tacoma,SR5 V6,Truck,Crew Cab,Shortbed,Not Specified,Not Specified,4-Wheel Drive,Not Specified,Not Specified,Not Specified,3.5L,6,Gasoline,4,5,2900,3TMCZ5AN4NM500158,Clean Title,Not Specified,Not Specified,39950,392
2013,Toyota,Camry,SE,Sedan,Not Specified,Not Specified,Good,Fair,FWD,Not Specified,Not Specified,Automatic,2.5L,4,Gasoline,4,Not Specified,94978,4T1BF1FK3DU272669,Rebuilt/Reconstructed Title,White,Gray,10000,100
2018,Toyota,4Runner,SR5 Premium,Sport Utility,Not Specified,Not Specified,Excellent,Excellent,4-Wheel Drive,Not Specified,Not Specified,Automatic,4.0L,6,Gasoline,4,5,80000,JTEBU5JRXJ5494259,Clean Title,Black,Tan,52000,111
2009,Toyota,Corolla,LE,Sedan,Not Specified,Not Specified,Excellent,Excellent,FWD,Not Specified,Not Specified,Automatic,1.8L,4,Gasoline,4,Not Specified,126000,JTDBL40E199063328,Salvage Title,White,Gray,5500,319
1998,Toyota,4Runner,Not Specified,SUV,Not Specified,Not Specified,Good,Very Good,4-Wheel Drive,Not Specified,Not Specified,Automatic,3.7L,6,Gasoline,4,Not Specified,210000,JT3HN86R5W0180145,Clean Title,Red,Tan,7900,396
2010,Toyota,Camry,SE V6,Sedan,Not Specified,Not Specified,Good,Excellent,FWD,Not Specified,Not Specified,Not Specified,3.5L,6,Gasoline,4,5,194000,4T1BK3EK6AU603457,Clean Title,Silver,Beige,4500,961
2006,Toyota,4Runner,Sport Edition,SUV,Not Specified,Not Specified,Good,Very Good,4-Wheel Drive,Not Specified,Not Specified,Not Specified,4.0L,6,Gasoline,4,5,121634,JTEBU14R060085292,Not Specified,Gray,Gray,12400,565
2016,Toyota,Tacoma,TRD Off-Road,Truck,Crew Cab,Shortbed,Not Specified,Not Specified,4-Wheel Drive,Not Specified,Not Specified,Not Specified,3.5L,6,Gasoline,4,5,134000,5TFCZ5AN1GX008491,Clean Title,Not Specified,Not Specified,25000,122
2006,Toyota,Sienna,XLE 7-Passenger,Minivan,Not Specified,Not Specified,Excellent,Excellent,AWD,Not Specified,Not Specified,Not Specified,Not Specified,6,Gasoline,4,Not Specified,193000,5TDBA22C96S060938,Rebuilt/Reconstructed Title,White,Gray,6300,180
1994,Toyota,Corolla,LE,Sedan,Not Specified,Not Specified,Very Good,Good,FWD,Not Specified,Not Specified,Automanual,1.8L,4,Gasoline,4,5,210000,1NXAE00B4RZ146703,Clean Title,White,Blue,3000,150
2011,Toyota,Camry,LE,Sedan,Not Specified,Not Specified,Good,Good,FWD,Not Specified,Not Specified,Not Specified,Not Specified,4,Gasoline,4,Not Specified,125999,4T1BF3EK4BU631389,Clean Title,Gray,Gray,7000,224
2008,Toyota,Prius,Special Edition,Sedan,Not Specified,Not Specified,Good,Good,FWD,Not Specified,Not Specified,Automatic,Not Specified,4,Hybrid,4,Not Specified,24000,JTDKB20U283301140,Clean Title,Not Specified,Not Specified,3800,712
2010,Toyota,RAV4,Not Specified,SUV,Not Specified,Not Specified,Very Good,Not Specified,4-Wheel Drive,Not Specified,Not Specified,Not Specified,2.4L,4,Gasoline,4,Not Specified,179000,JTMBF4DV1AD039033,Clean Title,Red,Gray,6900,221
2021,Toyota,Prius,Limited,Hatchback,Not Specified,Not Specified,Very Good,Excellent,FWD,Not Specified,Not Specified,Not Specified,1.8L,4,Hybrid,4,5,10800,JTDKAMFP8M3165235,Salvage Title,Beige,Black,22000,664
2014,Toyota,RAV4,XLE,SUV,Not Specified,Not Specified,Good,Good,AWD,Not Specified,Not Specified,Automatic,2.5L,4,Gasoline,4,Not Specified,103500,2T3RFREV2EW137281,Clean Title,Blue,Gray,14500,247
2015,Toyota,Highlander,Limited Platinum,SUV,Not Specified,Not Specified,Excellent,Very Good,AWD,Not Specified,Not Specified,Automatic,Not Specified,6,Gasoline,4,Not Specified,52116,5TDDKRFH1FS143784,Clean Title,White,Tan,29900,348
2020,Toyota,Tacoma,SR5,Truck,Not Specified,Not Specified,Excellent,Excellent,4-Wheel Drive,Not Specified,Not Specified,Automatic,Not Specified,6,Not Specified,4,Not Specified,35000,3TMCZ5AN1LM293869,Clean Title,Black,Gray,34000,426
2007,Toyota,Tundra,SR5 V8,Truck,Not Specified,Not Specified,Fair,Very Good,4-Wheel Drive,Not Specified,Not Specified,Automatic,4.7L,8,Gasoline,4,Not Specified,152400,5tbbt54147s454929,Clean Title,Blue,Gray,10500,698
2008,Toyota,4Runner,SR5,SUV,Not Specified,Not Specified,Good,Good,Not Specified,Not Specified,Not Specified,Automanual,Not Specified,6,Not Specified,4,Not Specified,244000,JTEBU14R58K034961,Clean Title,Yellow,Not Specified,8300,233
2005,Toyota,Camry,LE,Sedan,Not Specified,Not Specified,Fair,Fair,FWD,Not Specified,Not Specified,Automatic,2.4L,4,Gasoline,4,5,340000,4T1BE32K45U539128,Clean Title,Gray,Gray,1000,376
2001,Toyota,Tacoma,Not Specified,Truck,Not Specified,Not Specified,Not Specified,Not Specified,4-Wheel Drive,Not Specified,Not Specified,Automatic,3.4L,6,Not Specified,Not Specified,Not Specified,206000,5TEWN72N71Z796034,Clean Title,Not Specified,Not Specified,9600,1234
2022,Toyota,Camry,LE,Sedan,Not Specified,Not Specified,Very Good,Very Good,AWD,Not Specified,Not Specified,Automatic,2.5L,4,Gasoline,4,5,27850,4T1C11BK1NU067622,Clean Title,Gray,Silver,24500,324
2005,Toyota,Tacoma,Not Specified,Truck,Not Specified,Not Specified,Not Specified,Not Specified,Not Specified,Not Specified,Not Specified,Manual,Not Specified,4,Not Specified,2,Not Specified,214401,5TENX22N65Z102710,Clean Title,Not Specified,Not Specified,9500,165
2024,Toyota,Sequoia,TRD Pro,SUV,Not Specified,Not Specified,Excellent,Excellent,4-Wheel Drive,Not Specified,Not Specified,Automatic,Not Specified,6,Hybrid,4,Not Specified,0,7SVAAABA5RX09D724,Clean Title,Gray,Black,92500,532
2018,Toyota,Camry,LE,Sedan,Not Specified,Not Specified,Very Good,Very Good,Not Specified,Not Specified,Not Specified,Automatic,Not Specified,Not Specified,Gasoline,4,Not Specified,116000,4T1B11HK0JU002919,Clean Title,Black,Gray,14500,177
2020,Toyota,Tundra,CrewMax SR5,Truck,Not Specified,Not Specified,Excellent,Excellent,4-Wheel Drive,Not Specified,Not Specified,Automatic,5.7L,8,Gasoline,4,Not Specified,40000,5TFDY5F14LX874483,Clean Title,Gray,Black,46000,705
2016,Toyota,Tacoma,TRD Off Road,Truck,Not Specified,Not Specified,Very Good,Very Good,Not Specified,Not Specified,Not Specified,Automatic,Not Specified,Not Specified,Not Specified,4,Not Specified,89563,3TMCZ5AN7GM040755,Clean Title,Tan,Black,29800,599
2006,Toyota,Tundra,Limited,Truck,Crew Cab,Standard Shortbed,Excellent,Very Good,4-Wheel Drive,Not Specified,Not Specified,Not Specified,4.7L,8,Gasoline,4,5,119890,5TBDT48176S506419,Clean Title,Silver,Beige,16500,552
1992,Toyota,Pickup,Not Specified,Truck,Not Specified,Not Specified,Fair,Good,RWD,Not Specified,Not Specified,Manual,Not Specified,4,Gasoline,2,Not Specified,187483,4TARN81A8NZ023006,Clean Title,Red,Gray,3200,1572
2003,Toyota,Tundra,SR5,Truck,Not Specified,Not Specified,Not Specified,Not Specified,Not Specified,Not Specified,Not Specified,Automatic,Not Specified,8,Not Specified,4,Not Specified,214000,5TBBT44133S403457,Clean Title,Not Specified,Not Specified,7000,194
2005,Toyota,Tundra,SR5,Truck,Crew Cab,Standard Shortbed,Fair,Good,4-Wheel Drive,Not Specified,Not Specified,Not Specified,4.7L,8,Gasoline,4,5,239699,5TBDT44165S481128,Clean Title,Blue,Gray,6300,446
2015,Toyota,RAV4,LE,Sport Utility,Not Specified,Not Specified,Good,Good,AWD,Not Specified,Not Specified,Automatic,2.5L,4,Gasoline,4,5,107000,2T3BFREVXFW278747,Rebuilt/Reconstructed Title,Black,Gray,13995,259
2018,Toyota,Tacoma,TRD Off Road,Truck,Not Specified,Not Specified,Very Good,Good,4-Wheel Drive,Not Specified,Not Specified,Automatic,Not Specified,6,Gasoline,4,Not Specified,47000,3TMCZ5AN7JM163236,Clean Title,Tan,Gray,39000,185
2007,Toyota,Tacoma,Base,Truck,Not Specified,Not Specified,Fair,Good,4-Wheel Drive,Not Specified,Not Specified,Manual,Not Specified,4,Gasoline,4,Not Specified,158000,5TEUX42N37Z420004,Clean Title,Black,Gray,13300,1313
2007,Toyota,4Runner,SR5,SUV,Not Specified,Not Specified,Good,Good,FWD,Not Specified,Not Specified,Automatic,Not Specified,6,Gasoline,4,Not Specified,218000,JTEZU14R778076249,Clean Title,White,Tan,12900,103
2018,Toyota,Corolla,Base,Hatchback,Not Specified,Not Specified,Very Good,Very Good,FWD,Not Specified,Not Specified,Manual,1.8L,4,Gasoline,5,5,39000,JTNKARJE8JJ558934,Rebuilt/Reconstructed Title,Blue,Gray,13995,1612
2022,Toyota,Tacoma,TRD Off-Road,Truck,Not Specified,Not Specified,Excellent,Excellent,4-Wheel Drive,Not Specified,Not Specified,Automatic,3.0L,6,Gasoline,4,Not Specified,74300,3TMCZ5ANXNM469384,Clean Title,Gray,Black,35000,154
2013,Toyota,4Runner,SR5,SUV,Not Specified,Not Specified,Very Good,Very Good,4-Wheel Drive,Not Specified,Not Specified,Automatic,4.0L,6,Gasoline,4,Not Specified,141000,JTEBU5JR4D5132738,Rebuilt/Reconstructed Title,Gray,Black,15500,427
2012,Toyota,Corolla,LE,Sedan,Not Specified,Not Specified,Not Specified,Not Specified,Not Specified,Not Specified,Not Specified,Automatic,Not Specified,Not Specified,Not Specified,Not Specified,Not Specified,89085,2T1BU4EEXCC915800,Rebuilt/Reconstructed Title,Not Specified,Not Specified,6500,433
2018,Toyota,RAV4,XLE,Sport Utility,Not Specified,Not Specified,Very Good,Excellent,AWD,Not Specified,Not Specified,Automatic,2.5L,4,Gasoline,4,5,69000,JTMRFREVXJJ247214,Clean Title,Blue,Black,21000,199
2017,Toyota,Camry,LE,Sedan,Not Specified,Not Specified,Excellent,Excellent,FWD,Not Specified,Not Specified,Automanual,Not Specified,4,Gasoline,4,Not Specified,28000,4T1BF1FK9HU780733,Clean Title,Blue,Gray,21000,103
2000,Toyota,4Runner,Limited,SUV,Not Specified,Not Specified,Good,Good,4-Wheel Drive,Not Specified,Not Specified,Automatic,3.4L,6,Gasoline,4,Not Specified,284500,JT3HN87R0Y0270675,Clean Title,Gray,Tan,7800,278
2009,Toyota,RAV4,Sport,SUV,Not Specified,Not Specified,Good,Good,AWD,Not Specified,Not Specified,Automatic,Not Specified,4,Gasoline,4,Not Specified,170000,JTMBF33V19D019033,Salvage Title,Gray,Gray,6500,576
2022,Toyota,Corolla Hatchback,SE Nightshade Edition,Hatchback,Not Specified,Not Specified,Very Good,Excellent,FWD,Not Specified,Not Specified,Not Specified,2.0L,4,Gasoline,4,5,31000,JTND4MBE7N3168628,Clean Title,Black,Black,22500,118
2004,Toyota,Tundra,Limited,Truck,Crew Cab,Standard Shortbed,Not Specified,Not Specified,4-Wheel Drive,Not Specified,Not Specified,Not Specified,4.7L,8,Gasoline,4,5,172000,5TBDT481X4S434371,Clean Title,Not Specified,Not Specified,13900,298
2019,Toyota,Tundra,SR5,Truck,Crew Cab,Shortbed,Good,Very Good,4-Wheel Drive,Not Specified,Not Specified,Not Specified,5.7L,8,Gasoline,4,6,133000,5TFDY5F17KX797574,Clean Title,White,Black,26000,93
2016,Toyota,Tundra,Platinum,Truck,Not Specified,Not Specified,Very Good,Very Good,4-Wheel Drive,Not Specified,Not Specified,Automatic,5.7L,8,Gasoline,4,Not Specified,175900,5TFAW5F19GX525916,Clean Title,White,Black,20000,235
2017,Toyota,4Runner,Limited,SUV,Not Specified,Not Specified,Not Specified,Not Specified,Not Specified,Not Specified,Not Specified,Not Specified,Not Specified,Not Specified,Not Specified,Not Specified,Not Specified,83089,JTEBU5JR2H5441906,Clean Title,Not Specified,Not Specified,29999,418
2000,Toyota,Tacoma,SR5,Truck,Not Specified,Not Specified,Good,Good,4-Wheel Drive,Not Specified,Not Specified,Manual,3.4L,Not Specified,Gasoline,2,Not Specified,283601,4TAWN72N9YZ618515,Clean Title,Black,Gray,5500,418
2011,Toyota,Avalon,Limited,Sedan,Not Specified,Not Specified,Good,Good,FWD,Not Specified,Not Specified,Automatic,Not Specified,6,Gasoline,4,Not Specified,144476,4T1BK3DB9BU417432,Clean Title,White,Tan,9400,600
2007,Toyota,Camry,XLE V6,Sedan,Not Specified,Not Specified,Good,Good,FWD,Not Specified,Not Specified,Automatic,3.5L,6,Gasoline,4,Not Specified,249124,JTNBK46K173017204,Clean Title,Black,Gray,3650,137
2016,Toyota,4Runner,Trail Premium,SUV,Not Specified,Not Specified,Very Good,Excellent,4-Wheel Drive,Not Specified,Not Specified,Automatic,Not Specified,6,Gasoline,4,Not Specified,115000,JTEBU5JR7G5293430,Clean Title,Gray,Black,26900,230
2003,Toyota,4Runner,SR5,SUV,Not Specified,Not Specified,Excellent,Excellent,4-Wheel Drive,Not Specified,Not Specified,Automatic,4.7L,8,Gasoline,4,Not Specified,167000,JTEBT14R230013444,Clean Title,Silver,Gray,11500,745
2007,Toyota,FJ Cruiser,Base,Sport Utility,Not Specified,Not Specified,Very Good,Excellent,4-Wheel Drive,Not Specified,Not Specified,Automatic,4.0L,6,Gasoline,2,5,152000,JTEBU11F670068556,Clean Title,Black,Black,28500,0
2000,Toyota,Land Cruiser,Base,SUV,Not Specified,Not Specified,Good,Good,4-Wheel Drive,Not Specified,Not Specified,Automatic,4.7L,8,Gasoline,Not Specified,Not Specified,231600,JT3HT05JXY0100568,Clean Title,White,Tan,10200,621
2023,Toyota,RAV4,Hybrid SE,Crossover,Not Specified,Not Specified,Excellent,Excellent,AWD,Not Specified,Not Specified,Automatic,2.5L,4,Hybrid,4,Not Specified,11800,JTM16RFV0PD107790,Clean Title,Gray,Black,34900,167
2012,Toyota,Prius,Three,Hatchback,Not Specified,Not Specified,Very Good,Excellent,FWD,Not Specified,Not Specified,CVT,1.8L,4,Hybrid,4,5,132043,JTDKN3DU4C5469611,Clean Title,Gray,Gray,10499,39
2002,Toyota,Tundra,SR5 V8,Truck,Extended Cab,Standard Shortbed,Good,Very Good,4-Wheel Drive,Not Specified,Not Specified,Not Specified,4.7L,8,Gasoline,4,6,221000,5TBBT44122S306314,Clean Title,Tan,Tan,7500,198
2000,Toyota,4Runner,SR5,SUV,Not Specified,Not Specified,Fair,Fair,4-Wheel Drive,Not Specified,Not Specified,Automatic,Not Specified,6,Gasoline,4,Not Specified,233000,JT3HN86R7Y0271856,Clean Title,Gray,Gray,6200,405
2008,Toyota,FJ Cruiser,Not Specified,SUV,Not Specified,Not Specified,Very Good,Very Good,4-Wheel Drive,Not Specified,Not Specified,Automatic,4.0L,6,Gasoline,4,Not Specified,221000,JTEBU11F18K026219,Clean Title,White,White,13999,100
2002,Toyota,Tundra,Not Specified,Truck,Not Specified,Not Specified,Fair,Fair,4-Wheel Drive,Not Specified,Not Specified,Automatic,Not Specified,8,Gasoline,Not Specified,Not Specified,279770,5TBBT481X2S314736,Clean Title,Green,Tan,3200,501
2013,Toyota,Tacoma,Not Specified,Truck,Not Specified,Not Specified,Not Specified,Not Specified,4-Wheel Drive,Not Specified,Not Specified,Automatic,4.0L,6,Gasoline,4,Not Specified,94000,5TFLU4EN9DX049062,Clean Title,Black,Not Specified,30000,206
2003,Toyota,Tacoma,SR5,Truck,Not Specified,Not Specified,Not Specified,Not Specified,4-Wheel Drive,Not Specified,Not Specified,Manual,3.6L,6,Gasoline,Not Specified,Not Specified,108858,5TEWN72N93Z245736,Clean Title,Not Specified,Not Specified,19500000,152
2004,Toyota,4Runner,Limited,SUV,Not Specified,Not Specified,Good,Good,4-Wheel Drive,Not Specified,Not Specified,Automatic,4.7L,8,Gasoline,4,Not Specified,169000,JTEBT17RX40030540,Rebuilt/Reconstructed Title,Blue,Not Specified,11000,254
2021,Toyota,Highlander,Limited,Sport Utility,Not Specified,Not Specified,Very Good,Very Good,AWD,Not Specified,Not Specified,Not Specified,3.5L,6,Gasoline,4,7,11467,5TDDZRBH4MS095082,Clean Title,Gray,Black,40500,144
2022,Toyota,Tacoma,SR,Truck,Not Specified,Not Specified,Not Specified,Not Specified,RWD,Not Specified,Not Specified,Automanual,2.3L,4,Gasoline,4,Not Specified,18622,3TYRX5GN4NT052550,Clean Title,White,Black,27000,175
2010,Toyota,Highlander,Limited,SUV,Not Specified,Not Specified,Good,Fair,FWD,Not Specified,Not Specified,Automatic,Not Specified,6,Gasoline,4,Not Specified,219500,JTEYK3EH2A2103886,Clean Title,White,Tan,9500,49
2002,Toyota,Tacoma,TRD Off Road,Truck,Not Specified,Not Specified,Good,Good,4-Wheel Drive,Not Specified,Not Specified,Automatic,Not Specified,6,Gasoline,4,Not Specified,147000,5TEHN72N92Z087034,Rebuilt/Reconstructed Title,Silver,Gray,11500,899
2000,Toyota,Tacoma,SR5 V6,Truck,Extended Cab,Standard Longbed,Good,Good,4-Wheel Drive,Not Specified,Not Specified,Manual,3.4L,6,Gasoline,2,5,235000,5TEWN72N3YZ697107,Clean Title,White,Gray,10000,452
2022,Toyota,Tundra,SR5,Truck,Not Specified,Not Specified,Not Specified,Not Specified,Not Specified,Not Specified,Not Specified,Automatic,Not Specified,Not Specified,Not Specified,Not Specified,Not Specified,12100,5TFLA5DB8NX048766,Clean Title,Gray,Not Specified,50000,614
1992,Toyota,4Runner,5R5,Truck,Not Specified,Not Specified,Poor,Good,4-Wheel Drive,Not Specified,Not Specified,Automatic,3.0L,6,Gasoline,4,Not Specified,230000,JT3VN39W8N8039318,Clean Title,White,Gray,2000,448
2024,Toyota,Sequoia,TRD Pro,SUV,Not Specified,Not Specified,Excellent,Excellent,4-Wheel Drive,Not Specified,Not Specified,Automatic,3.4L,6,Gasoline,4,Not Specified,20,7SVAAABAXRX031005,Clean Title,Bronze,Black,98000,0
2002,Toyota,4Runner,SR5,SUV,Not Specified,Not Specified,Good,Good,4-Wheel Drive,Not Specified,Not Specified,Automanual,Not Specified,6,Gasoline,4,Not Specified,286400,JT3HN86RX29072058,Clean Title,Black,Gray,4800,309
1991,Toyota,Pickup,Not Specified,Truck,Not Specified,Not Specified,Good,Very Good,4-Wheel Drive,Not Specified,Not Specified,Manual,3.0L,6,Gasoline,2,Not Specified,194473,JT4VN13D0M5051289,Clean Title,Red,Gray,8500,696
2022,Toyota,Tacoma,SR5,Truck,Not Specified,Not Specified,Excellent,Very Good,4-Wheel Drive,Not Specified,Not Specified,Automatic,Not Specified,6,Gasoline,4,Not Specified,22000,3TMCZ5AN6NM471729,Not Specified,Gray,Gray,32000,103
2012,Toyota,Camry,SE Sport,Sedan,Not Specified,Not Specified,Very Good,Excellent,FWD,Not Specified,Not Specified,Not Specified,Not Specified,4,Gasoline,4,Not Specified,130000,4T1BF1FK7CU155532,Clean Title,Gray,Black,12000,96
2021,Toyota,Corolla Hybrid,LE,Sedan,Not Specified,Not Specified,Excellent,Excellent,FWD,Not Specified,Not Specified,Automatic,1.8L,4,Hybrid,4,5,38000,JTDEAMDE5MJ026237,Rebuilt/Reconstructed Title,Silver,Tan,15300,440
2016,Toyota,4Runner,Trail,SUV,Not Specified,Not Specified,Excellent,Excellent,4-Wheel Drive,Not Specified,Not Specified,Automatic,Not Specified,6,Gasoline,4,Not Specified,76000,JTEBU5JR6G5280619,Clean Title,Gray,Black,31500,137
1996,Toyota,Tacoma,SR5,Truck,Not Specified,Not Specified,Good,Good,4-Wheel Drive,Not Specified,Not Specified,Manual,3.4L,6,Gasoline,2,Not Specified,239473,4TAWN72N7TZ148509,Clean Title,White,Gray,6000,674
1984,Toyota,Pickup,Not Specified,Truck,Not Specified,Not Specified,Not Specified,Fair,4-Wheel Drive,Not Specified,Not Specified,Manual,Not Specified,4,Gasoline,2,Not Specified,320000,JT4RN60S8E5031200,Not Specified,Not Specified,Brown,3000,1680
2011,Toyota,Avalon,Not Specified,Sedan,Not Specified,Not Specified,Not Specified,Not Specified,Not Specified,Not Specified,Not Specified,Not Specified,Not Specified,Not Specified,Not Specified,Not Specified,Not Specified,206000,4T1BK3DB8BU406552,Clean Title,Not Specified,Not Specified,5000,124
2017,Toyota,Highlander,LE Plus,Sport Utility,Not Specified,Not Specified,Very Good,Very Good,AWD,Not Specified,Not Specified,Not Specified,3.5L,6,Gasoline,4,8,100000,5TDBZRFH8HS395568,Clean Title,Green,Beige,21500,23
2004,Toyota,Tundra,SR5,Truck,Crew Cab,Standard Shortbed,Good,Good,4-Wheel Drive,Not Specified,Not Specified,Automatic,4.7L,8,Gasoline,4,5,187087,5TBDT44184S446203,Clean Title,Gray,Gray,10000,465
2016,Toyota,Tacoma,TRD Off Road,Truck,Not Specified,Not Specified,Very Good,Very Good,4-Wheel Drive,Not Specified,Not Specified,Automatic,3.6L,6,Gasoline,4,Not Specified,82000,5TFCZ5AN7GX025084,Clean Title,Black,Black,35000,205
2013,Toyota,Sienna,Limited,Minivan,Not Specified,Not Specified,Very Good,Very Good,AWD,Not Specified,Not Specified,Automatic,3.5L,6,Gasoline,4,Not Specified,161012,5TDDK3DC1DS052290,Clean Title,Gray,Gray,11900,498
2004,Toyota,Sequoia,Limited,SUV,Not Specified,Not Specified,Good,Fair,4-Wheel Drive,Not Specified,Not Specified,Automatic,4.7L,8,Gasoline,4,Not Specified,260000,5TDBT48A64S214725,Clean Title,Black,Beige,4500,304
2021,Toyota,Tacoma,TRD Off-Road,Truck,Crew Cab,Shortbed,Very Good,Very Good,4-Wheel Drive,Not Specified,Not Specified,Automatic,3.5L,6,Gasoline,2,3,41000,3TMCZ5AN7MM438043,Clean Title,White,Gray,36000,49
2007,Toyota,RAV4,Sport,SUV,Not Specified,Not Specified,Not Specified,Not Specified,FWD,Not Specified,Not Specified,Automatic,2.4L,4,Gasoline,4,5,224500,JTMZD32V876050397,Clean Title,Red,Black,7000,237
1999,Toyota,Tacoma,SR5,Truck,Not Specified,Not Specified,Fair,Very Good,4-Wheel Drive,Not Specified,Not Specified,Manual,Not Specified,6,Gasoline,2,Not Specified,230000,4TAWN72N5XZ467686,Rebuilt/Reconstructed Title,Gold,Brown,11800,542
2007,Toyota,Sienna,LE 7-Passenger,Minivan,Not Specified,Not Specified,Very Good,Good,FWD,Not Specified,Not Specified,Not Specified,3.5L,6,Gasoline,4,7,145000,5TDZK23CX7S054657,Rebuilt/Reconstructed Title,White,Gray,6200,93
2013,Toyota,RAV4,XLE,SUV,Not Specified,Not Specified,Not Specified,Not Specified,AWD,Not Specified,Not Specified,Automatic,Not Specified,4,Gasoline,4,Not Specified,129928,JTMRFREV4DD037453,Clean Title,Not Specified,Not Specified,11000,213
2012,Toyota,Sienna,XLE,Van,Not Specified,Not Specified,Good,Very Good,AWD,Not Specified,Not Specified,Automatic,3.5L,6,Gasoline,Not Specified,Not Specified,111000,5TDDK3DC9CS047904,Clean Title,Red,Tan,17000,108
2009,Toyota,RAV4,Base,SUV,Not Specified,Not Specified,Very Good,Good,4-Wheel Drive,Not Specified,Not Specified,Automatic,2.5L,4,Gasoline,4,Not Specified,250036,JTMBF33V09D013188,Clean Title,Red,Beige,2599,481
2009,Toyota,Camry,LE,Sedan,Not Specified,Not Specified,Very Good,Very Good,FWD,Not Specified,Not Specified,Automatic,2.4L,4,Gasoline,4,5,228855,4T1BE46K79U804050,Clean Title,Gold,Beige,4900,39
2023,Toyota,GR86,Premium,Coupe,Not Specified,Not Specified,Not Specified,Not Specified,Not Specified,Not Specified,Not Specified,Manual,Not Specified,4,Not Specified,2,Not Specified,10200,JF1ZNBE12P9760299,Clean Title,Red,Black,35000,82
2003,Toyota,Avalon,XL,Sedan,Not Specified,Not Specified,Good,Good,FWD,Not Specified,Not Specified,Automatic,3.0L,6,Gasoline,4,6,222353,4T1BF28B73U305366,Rebuilt/Reconstructed Title,Silver,Silver,3500,100
1998,Toyota,Tacoma,TRD Off-Road,Truck,Not Specified,Not Specified,Good,Good,4-Wheel Drive,Not Specified,Not Specified,Manual,3.4L,6,Gasoline,2,Not Specified,282560,4TAWN72N4WZ054334,Clean Title,Tan,Tan,7000,309
2004,Toyota,4Runner,Not Specified,SUV,Not Specified,Not Specified,Very Good,Excellent,Not Specified,Not Specified,Not Specified,Not Specified,Not Specified,Not Specified,Not Specified,Not Specified,Not Specified,158000,JTEBU14R640047255,Clean Title,Silver,Gray,15500,844
2019,Toyota,4Runner,TRD Off Road Premium,SUV,Not Specified,Not Specified,Very Good,Very Good,4-Wheel Drive,Not Specified,Not Specified,Automatic,4.0L,6,Gasoline,4,Not Specified,81500,JTEBU5JR9K5703895,Rebuilt/Reconstructed Title,White,Black,28000,1210
2014,Toyota,Sienna,LE,Minivan,Not Specified,Not Specified,Very Good,Very Good,FWD,Not Specified,Not Specified,Automatic,3.5L,6,Gasoline,4,Not Specified,133000,5TDKK3DC6ES477187,Rebuilt/Reconstructed Title,Gray,White,9950,141
2008,Toyota,Tacoma,TRD Sport,Truck,Not Specified,Not Specified,Very Good,Very Good,4-Wheel Drive,Not Specified,Not Specified,Automatic,4.0L,6,Gasoline,4,Not Specified,259327,3TMMU52N18M006491,Clean Title,Silver,Gray,13500,412
2012,Toyota,Tundra,CrewMax SR5,Truck,Not Specified,Not Specified,Very Good,Very Good,4-Wheel Drive,Not Specified,Not Specified,Automanual,4.6L,8,Gasoline,4,Not Specified,170000,5TFDM5F14CX033811,Clean Title,White,Gray,20500,95
2009,Toyota,4Runner,Limited,SUV,Not Specified,Not Specified,Not Specified,Not Specified,Not Specified,Not Specified,Not Specified,Automatic,4.0L,6,Not Specified,Not Specified,Not Specified,197000,JTEBU17R99K038508,Clean Title,Not Specified,Not Specified,14000,104
2010,Toyota,Tacoma,SR5,Truck,Crew Cab,Standard Shortbed,Excellent,Excellent,4-Wheel Drive,Not Specified,Not Specified,Automatic,4.0L,6,Gasoline,4,5,210000,3TMMU4FN5AM019352,Clean Title,Gray,Gray,16450,422
2018,Toyota,RAV4,LE,Crossover,Not Specified,Not Specified,Very Good,Very Good,AWD,Not Specified,Not Specified,Not Specified,2.5L,4,Gasoline,4,5,70200,JTMBFREV0JJ730177,Salvage Title,Blue,Black,16300,174
2019,Toyota,Yaris,Not Specified,Sedan,Not Specified,Not Specified,Very Good,Good,FWD,Not Specified,Not Specified,Manual,Not Specified,Not Specified,Gasoline,4,Not Specified,58000,3MYDLBYV8KY507789,Rebuilt/Reconstructed Title,Blue,Not Specified,9500,214
2014,Toyota,Camry,SE,Sedan,Not Specified,Not Specified,Good,Good,Not Specified,Not Specified,Not Specified,Automatic,Not Specified,4,Not Specified,4,Not Specified,167000,4T1BF1FK7EU346757,Clean Title,White,Black,11500,56
2019,Toyota,Tacoma,TRD Off-Road,Truck,Not Specified,Not Specified,Good,Very Good,4-Wheel Drive,Not Specified,Not Specified,Automatic,Not Specified,6,Gasoline,4,Not Specified,32000,3TMCZ5AN4KM202902,Rebuilt/Reconstructed Title,Gray,Black,29500,625
2012,Toyota,Prius V,Five,Wagon,Not Specified,Not Specified,Not Specified,Not Specified,FWD,Not Specified,Not Specified,Automatic,Not Specified,5,Gasoline,Not Specified,Not Specified,155572,JTDZN3EU6C3123522,Clean Title,Black,Not Specified,10000,74
2000,Toyota,Tundra,SR5,Truck,Not Specified,Not Specified,Not Specified,Not Specified,4-Wheel Drive,Not Specified,Not Specified,Not Specified,Not Specified,Not Specified,Not Specified,4,Not Specified,227000,5TBBT4419YS061567,Clean Title,Not Specified,Not Specified,8500,83
2007,Toyota,Corolla,LE,Sedan,Not Specified,Not Specified,Very Good,Excellent,FWD,Not Specified,Not Specified,Automatic,1.4L,4,Gasoline,Not Specified,Not Specified,81133,1NXBR32E07Z866160,Clean Title,Black,Beige,7500,786
2023,Toyota,Camry,SE,Sedan,Not Specified,Not Specified,Excellent,Excellent,FWD,7247,Not Specified,Automatic,2.5L,4,Gasoline,4,5,13338,4T1G11AK4PU806987,Clean Title,Black,White,25900,652
2008,Toyota,Tacoma,SR5,Truck,Not Specified,Not Specified,Very Good,Very Good,2-Wheel Drive,Not Specified,Not Specified,Automatic,2.7L,4,Gasoline,4,Not Specified,150345,5TETX22N98Z524191,Clean Title,Black,Gray,12999,354